wartość,ilość,płeć,typ,szansa,,,
Zofia,4344,K,imię,4.11%,,,
Zuzanna,3820,K,imię,3.62%,,,
Maja,3769,K,imię,3.57%,,,
Laura,3735,K,imię,3.54%,,,
Hanna,3386,K,imię,3.21%,,,
Julia,3131,K,imię,2.97%,,,
Oliwia,3014,K,imię,2.85%,,,
Pola,2762,K,imię,2.62%,,,
Alicja,2720,K,imię,2.58%,,,
Maria,2476,K,imię,2.35%,,,
Emilia,2465,K,imię,2.33%,,,
Antonina,2455,K,imię,2.33%,,,
Amelia,2429,K,imię,2.30%,,,
Helena,2425,K,imię,2.30%,,,
Liliana,2342,K,imię,2.22%,,,
Michalina,2335,K,imię,2.21%,,,
Klara,2283,K,imię,2.16%,,,
Marcelina,2208,K,imię,2.09%,,,
Wiktoria,1927,K,imię,1.83%,,,
Łucja,1842,K,imię,1.74%,,,
Iga,1834,K,imię,1.74%,,,
Lena,1768,K,imię,1.67%,,,
Rozalia,1750,K,imię,1.66%,,,
Gabriela,1684,K,imię,1.60%,,,
Nela,1529,K,imię,1.45%,,,
Kornelia,1521,K,imię,1.44%,,,
Lilianna,1349,K,imię,1.28%,,,
Aleksandra,1247,K,imię,1.18%,,,
Aurelia,1183,K,imię,1.12%,,,
Blanka,1181,K,imię,1.12%,,,
Róża,1138,K,imię,1.08%,,,
Aniela,1121,K,imię,1.06%,,,
Jagoda,1102,K,imię,1.04%,,,
Kaja,1075,K,imię,1.02%,,,
Anna,1068,K,imię,1.01%,,,
Nadia,1066,K,imię,1.01%,,,
Mia,904,K,imię,0.86%,,,
Jaśmina,898,K,imię,0.85%,,,
Anastazja,856,K,imię,0.81%,,,
Natalia,822,K,imię,0.78%,,,
Sara,781,K,imię,0.74%,,,
Milena,764,K,imię,0.72%,,,
Nina,682,K,imię,0.65%,,,
Weronika,669,K,imię,0.63%,,,
Barbara,651,K,imię,0.62%,,,
Matylda,625,K,imię,0.59%,,,
Wanda,595,K,imię,0.56%,,,
Liwia,571,K,imię,0.54%,,,
Nikola,551,K,imię,0.52%,,,
Zoja,548,K,imię,0.52%,,,
Eliza,532,K,imię,0.50%,,,
Adrianna,482,K,imię,0.46%,,,
Melania,430,K,imię,0.41%,,,
Nel,420,K,imię,0.40%,,,
Apolonia,406,K,imię,0.38%,,,
Marianna,402,K,imię,0.38%,,,
Gaja,399,K,imię,0.38%,,,
Karolina,399,K,imię,0.38%,,,
Martyna,389,K,imię,0.37%,,,
Agata,381,K,imię,0.36%,,,
Sofia,364,K,imię,0.34%,,,
Lidia,325,K,imię,0.31%,,,
Stefania,324,K,imię,0.31%,,,
Diana,320,K,imię,0.30%,,,
Felicja,320,K,imię,0.30%,,,
Magdalena,311,K,imię,0.29%,,,
Bianka,310,K,imię,0.29%,,,
Kinga,302,K,imię,0.29%,,,
Ewa,293,K,imię,0.28%,,,
Izabela,260,K,imię,0.25%,,,
Ida,245,K,imię,0.23%,,,
Urszula,235,K,imię,0.22%,,,
Jagna,232,K,imię,0.22%,,,
Kalina,229,K,imię,0.22%,,,
Emma,226,K,imię,0.21%,,,
Malwina,223,K,imię,0.21%,,,
Joanna,219,K,imię,0.21%,,,
Małgorzata,205,K,imię,0.19%,,,
Jadwiga,201,K,imię,0.19%,,,
Dominika,196,K,imię,0.19%,,,
Luiza,195,K,imię,0.18%,,,
Adelina,195,K,imię,0.18%,,,
Marta,191,K,imię,0.18%,,,
Rita,188,K,imię,0.18%,,,
Milana,176,K,imię,0.17%,,,
Sofiia,172,K,imię,0.16%,,,
Daria,168,K,imię,0.16%,,,
Paulina,161,K,imię,0.15%,,,
Elena,156,K,imię,0.15%,,,
Olivia,156,K,imię,0.15%,,,
Lilia,155,K,imię,0.15%,,,
Ada,147,K,imię,0.14%,,,
Katarzyna,145,K,imię,0.14%,,,
Celina,144,K,imię,0.14%,,,
Adela,142,K,imię,0.13%,,,
Emiliia,141,K,imię,0.13%,,,
Kamila,141,K,imię,0.13%,,,
Aurora,134,K,imię,0.13%,,,
Noemi,123,K,imię,0.12%,,,
Lara,123,K,imię,0.12%,,,
Lila,113,K,imię,0.11%,,,
Eva,107,K,imię,0.10%,,,
Janina,105,K,imię,0.10%,,,
Klaudia,104,K,imię,0.10%,,,
Dorota,103,K,imię,0.10%,,,
Lea,102,K,imię,0.10%,,,
Florentyna,95,K,imię,0.09%,,,
Gloria,93,K,imię,0.09%,,,
Alisa,87,K,imię,0.08%,,,
Solomiia,84,K,imię,0.08%,,,
Zlata,82,K,imię,0.08%,,,
Franciszka,76,K,imię,0.07%,,,
Alina,74,K,imię,0.07%,,,
Patrycja,70,K,imię,0.07%,,,
Melisa,70,K,imię,0.07%,,,
Olga,66,K,imię,0.06%,,,
Estera,61,K,imię,0.06%,,,
Mila,60,K,imię,0.06%,,,
Teresa,57,K,imię,0.05%,,,
Elżbieta,57,K,imię,0.05%,,,
Yeva,57,K,imię,0.05%,,,
Tola,56,K,imię,0.05%,,,
Polina,55,K,imię,0.05%,,,
Irena,54,K,imię,0.05%,,,
Nikol,54,K,imię,0.05%,,,
Oliviia,53,K,imię,0.05%,,,
Miia,53,K,imię,0.05%,,,
Krystyna,51,K,imię,0.05%,,,
Monika,51,K,imię,0.05%,,,
Józefina,50,K,imię,0.05%,,,
Marika,50,K,imię,0.05%,,,
Faustyna,49,K,imię,0.05%,,,
Marlena,46,K,imię,0.04%,,,
Michelle,43,K,imię,0.04%,,,
Kira,43,K,imię,0.04%,,,
Viktoriia,41,K,imię,0.04%,,,
Lucyna,40,K,imię,0.04%,,,
Justyna,40,K,imię,0.04%,,,
Mira,39,K,imię,0.04%,,,
Luna,39,K,imię,0.04%,,,
Nicole,39,K,imię,0.04%,,,
Veronika,39,K,imię,0.04%,,,
Agnieszka,39,K,imię,0.04%,,,
Julianna,39,K,imię,0.04%,,,
Dalia,38,K,imię,0.04%,,,
Livia,38,K,imię,0.04%,,,
Aria,37,K,imię,0.04%,,,
Ariana,37,K,imię,0.04%,,,
Maya,36,K,imię,0.03%,,,
Sandra,35,K,imię,0.03%,,,
Evelina,35,K,imię,0.03%,,,
Otylia,35,K,imię,0.03%,,,
Sonia,34,K,imię,0.03%,,,
Idalia,33,K,imię,0.03%,,,
Inga,33,K,imię,0.03%,,,
Stella,32,K,imię,0.03%,,,
Ewelina,32,K,imię,0.03%,,,
Konstancja,32,K,imię,0.03%,,,
Mariia,31,K,imię,0.03%,,,
Victoria,30,K,imię,0.03%,,,
Jana,28,K,imię,0.03%,,,
Dagmara,28,K,imię,0.03%,,,
Cecylia,27,K,imię,0.03%,,,
Anita,26,K,imię,0.02%,,,
Vanessa,26,K,imię,0.02%,,,
Judyta,26,K,imię,0.02%,,,
Adriana,26,K,imię,0.02%,,,
Carmen,25,K,imię,0.02%,,,
Julita,25,K,imię,0.02%,,,
Oktawia,25,K,imię,0.02%,,,
Letycja,25,K,imię,0.02%,,,
Amanda,25,K,imię,0.02%,,,
Leonia,25,K,imię,0.02%,,,
Klementyna,25,K,imię,0.02%,,,
Malina,24,K,imię,0.02%,,,
Ameliia,24,K,imię,0.02%,,,
Naomi,24,K,imię,0.02%,,,
Izabella,23,K,imię,0.02%,,,
Arina,23,K,imię,0.02%,,,
Ofelia,22,K,imię,0.02%,,,
Leokadia,22,K,imię,0.02%,,,
Oleksandra,22,K,imię,0.02%,,,
Sabina,20,K,imię,0.02%,,,
Sophia,20,K,imię,0.02%,,,
Lily,20,K,imię,0.02%,,,
Roma,20,K,imię,0.02%,,,
Viktoria,20,K,imię,0.02%,,,
Emily,20,K,imię,0.02%,,,
Danuta,19,K,imię,0.02%,,,
Varvara,19,K,imię,0.02%,,,
Ines,18,K,imię,0.02%,,,
Charlotte,18,K,imię,0.02%,,,
Roksana,18,K,imię,0.02%,,,
Zoya,17,K,imię,0.02%,,,
Amina,17,K,imię,0.02%,,,
Mishel,16,K,imię,0.02%,,,
Miriam,16,K,imię,0.02%,,,
Antonia,16,K,imię,0.02%,,,
Melissa,15,K,imię,0.01%,,,
Eliana,15,K,imię,0.01%,,,
Elina,15,K,imię,0.01%,,,
Laila,15,K,imię,0.01%,,,
Nicola,15,K,imię,0.01%,,,
Adel,15,K,imię,0.01%,,,
Angelina,15,K,imię,0.01%,,,
Sophie,15,K,imię,0.01%,,,
Vera,14,K,imię,0.01%,,,
Sylwia,14,K,imię,0.01%,,,
Zoe,14,K,imię,0.01%,,,
Noelia,14,K,imię,0.01%,,,
Inka,14,K,imię,0.01%,,,
Lia,14,K,imię,0.01%,,,
Karina,14,K,imię,0.01%,,,
Nelia,13,K,imię,0.01%,,,
Nadzieja,12,K,imię,0.01%,,,
Sofija,12,K,imię,0.01%,,,
Beata,12,K,imię,0.01%,,,
Lili,11,K,imię,0.01%,,,
Eleonora,11,K,imię,0.01%,,,
Inez,11,K,imię,0.01%,,,
Kateryna,11,K,imię,0.01%,,,
Clara,11,K,imię,0.01%,,,
Valeria,11,K,imię,0.01%,,,
Selena,11,K,imię,0.01%,,,
Waleria,11,K,imię,0.01%,,,
Marcjanna,10,K,imię,0.01%,,,
Olimpia,10,K,imię,0.01%,,,
Ina,10,K,imię,0.01%,,,
Jowita,10,K,imię,0.01%,,,
Miya,10,K,imię,0.01%,,,
Solomia,10,K,imię,0.01%,,,
Myroslava,10,K,imię,0.01%,,,
Leila,10,K,imię,0.01%,,,
Jasmina,10,K,imię,0.01%,,,
Maryam,10,K,imię,0.01%,,,
Honorata,10,K,imię,0.01%,,,
Halszka,9,K,imię,0.01%,,,
Flora,9,K,imię,0.01%,,,
Chloe,9,K,imię,0.01%,,,
Marcela,9,K,imię,0.01%,,,
Leyla,9,K,imię,0.01%,,,
Vladyslava,9,K,imię,0.01%,,,
Yuliia,9,K,imię,0.01%,,,
Dobrawa,9,K,imię,0.01%,,,
Hana,8,K,imię,0.01%,,,
Mija,8,K,imię,0.01%,,,
Greta,8,K,imię,0.01%,,,
Aneta,8,K,imię,0.01%,,,
Anastasiia,8,K,imię,0.01%,,,
Larysa,8,K,imię,0.01%,,,
Nika,8,K,imię,0.01%,,,
Yustyna,8,K,imię,0.01%,,,
Adele,8,K,imię,0.01%,,,
Vira,8,K,imię,0.01%,,,
Ksenia,7,K,imię,0.01%,,,
Liana,7,K,imię,0.01%,,,
Gaia,7,K,imię,0.01%,,,
Ester,7,K,imię,0.01%,,,
Stanisława,7,K,imię,0.01%,,,
Dariia,7,K,imię,0.01%,,,
Miroslava,7,K,imię,0.01%,,,
Anastasia,7,K,imię,0.01%,,,
Elisa,7,K,imię,0.01%,,,
Melaniia,7,K,imię,0.01%,,,
Khrystyna,7,K,imię,0.01%,,,
Astrid,6,K,imię,0.01%,,,
Amira,6,K,imię,0.01%,,,
Teona,6,K,imię,0.01%,,,
Bianca,6,K,imię,0.01%,,,
Bogumiła,6,K,imię,0.01%,,,
Elizabeth,6,K,imię,0.01%,,,
Anhelina,6,K,imię,0.01%,,,
Mirosława,6,K,imię,0.01%,,,
Daniela,6,K,imię,0.01%,,,
Matilda,6,K,imię,0.01%,,,
Uliana,6,K,imię,0.01%,,,
Lilly,6,K,imię,0.01%,,,
Wioletta,6,K,imię,0.01%,,,
Layla,6,K,imię,0.01%,,,
Daryna,6,K,imię,0.01%,,,
Mirella,6,K,imię,0.01%,,,
Abigail,6,K,imię,0.01%,,,
Sabrina,6,K,imię,0.01%,,,
Marietta,5,K,imię,0.00%,,,
Kora,5,K,imię,0.00%,,,
Freya,5,K,imię,0.00%,,,
Afina,5,K,imię,0.00%,,,
Arianna,5,K,imię,0.00%,,,
Ariella,5,K,imię,0.00%,,,
Lukrecja,5,K,imię,0.00%,,,
Natasza,5,K,imię,0.00%,,,
Paula,5,K,imię,0.00%,,,
Kaia,5,K,imię,0.00%,,,
Ola,4,K,imię,0.00%,,,
Ilona,4,K,imię,0.00%,,,
Tamara,4,K,imię,0.00%,,,
Erika,4,K,imię,0.00%,,,
Khánh Vy,4,K,imię,0.00%,,,
Mariam,4,K,imię,0.00%,,,
Alma,4,K,imię,0.00%,,,
Alya,4,K,imię,0.00%,,,
Kamelia,4,K,imię,0.00%,,,
Kayla,4,K,imię,0.00%,,,
Nelly,4,K,imię,0.00%,,,
Solomiya,4,K,imię,0.00%,,,
Valentina,4,K,imię,0.00%,,,
Veronica,4,K,imię,0.00%,,,
Vivienne,4,K,imię,0.00%,,,
Aida,4,K,imię,0.00%,,,
Rosalia,4,K,imię,0.00%,,,
Lucia,4,K,imię,0.00%,,,
Pia,4,K,imię,0.00%,,,
Adelia,4,K,imię,0.00%,,,
Halina,4,K,imię,0.00%,,,
Lilla,4,K,imię,0.00%,,,
Tina,4,K,imię,0.00%,,,
Hiacynta,4,K,imię,0.00%,,,
Stefaniia,4,K,imię,0.00%,,,
Ayla,4,K,imię,0.00%,,,
Aylin,4,K,imię,0.00%,,,
Bella,4,K,imię,0.00%,,,
Ivanna,4,K,imię,0.00%,,,
Leia,4,K,imię,0.00%,,,
Kiara,4,K,imię,0.00%,,,
Margarita,4,K,imię,0.00%,,,
Amara,4,K,imię,0.00%,,,
Gabriella,4,K,imię,0.00%,,,
Florencja,3,K,imię,0.00%,,,
Elizaveta,3,K,imię,0.00%,,,
Flawia,3,K,imię,0.00%,,,
Inaya,3,K,imię,0.00%,,,
Irmina,3,K,imię,0.00%,,,
Jasmine,3,K,imię,0.00%,,,
Ludwika,3,K,imię,0.00%,,,
Melody,3,K,imię,0.00%,,,
Lana,3,K,imię,0.00%,,,
Mika,3,K,imię,0.00%,,,
Mirabella,3,K,imię,0.00%,,,
Palina,3,K,imię,0.00%,,,
Tiana,3,K,imię,0.00%,,,
Yana,3,K,imię,0.00%,,,
Florianna,3,K,imię,0.00%,,,
Anisa,3,K,imię,0.00%,,,
Aisha,3,K,imię,0.00%,,,
Balbina,3,K,imię,0.00%,,,
Liliia,3,K,imię,0.00%,,,
Teia,3,K,imię,0.00%,,,
Amber,3,K,imię,0.00%,,,
Aya,3,K,imię,0.00%,,,
Renata,3,K,imię,0.00%,,,
Żywia,2,K,imię,0.00%,,,
Zeynep,2,K,imię,0.00%,,,
Yevheniia,2,K,imię,0.00%,,,
Yasmina,2,K,imię,0.00%,,,
Yaryna,2,K,imię,0.00%,,,
Leticia,2,K,imię,0.00%,,,
Simona,2,K,imię,0.00%,,,
Sarah,2,K,imię,0.00%,,,
Taisiia,2,K,imię,0.00%,,,
Vivien,2,K,imię,0.00%,,,
Yaroslava,2,K,imię,0.00%,,,
Vladislava,2,K,imię,0.00%,,,
Ruth,2,K,imię,0.00%,,,
Petra,2,K,imię,0.00%,,,
Valeriia,2,K,imię,0.00%,,,
Oriana,2,K,imię,0.00%,,,
Yelyzaveta,2,K,imię,0.00%,,,
Olena,2,K,imię,0.00%,,,
Sofiya,2,K,imię,0.00%,,,
Teja,2,K,imię,0.00%,,,
Nikole,2,K,imię,0.00%,,,
Amalia,2,K,imię,0.00%,,,
Bogna,2,K,imię,0.00%,,,
Walentyna,2,K,imię,0.00%,,,
Tulia,2,K,imię,0.00%,,,
Rose,2,K,imię,0.00%,,,
Regina,2,K,imię,0.00%,,,
Nastia,2,K,imię,0.00%,,,
Josephine,2,K,imię,0.00%,,,
Gracja,2,K,imię,0.00%,,,
Dobrochna,2,K,imię,0.00%,,,
Aliya,2,K,imię,0.00%,,,
Tosia,2,K,imię,0.00%,,,
Andżelika,2,K,imię,0.00%,,,
Debora,2,K,imię,0.00%,,,
Isla,2,K,imię,0.00%,,,
Miley,2,K,imię,0.00%,,,
Jolanta,2,K,imię,0.00%,,,
Jasmin,2,K,imię,0.00%,,,
Ngoc Minh Chau,2,K,imię,0.00%,,,
Dobrosława,2,K,imię,0.00%,,,
Edyta,2,K,imię,0.00%,,,
Wiwiana,2,K,imię,0.00%,,,
Maryla,2,K,imię,0.00%,,,
Asiya,2,K,imię,0.00%,,,
Mirela,2,K,imię,0.00%,,,
Hania,2,K,imię,0.00%,,,
Larisa,2,K,imię,0.00%,,,
Janka,2,K,imię,0.00%,,,
Miranda,2,K,imię,0.00%,,,
Alice,2,K,imię,0.00%,,,
Alia,2,K,imię,0.00%,,,
Alexandra,2,K,imię,0.00%,,,
Adelajda,2,K,imię,0.00%,,,
Marita,2,K,imię,0.00%,,,
Malika,2,K,imię,0.00%,,,
Anaya,2,K,imię,0.00%,,,
Bohdana,2,K,imię,0.00%,,,
Kseniia,2,K,imię,0.00%,,,
Violetta,2,K,imię,0.00%,,,
Zoriana,2,K,imię,0.00%,,,
Anabel,2,K,imię,0.00%,,,
Angelika,2,K,imię,0.00%,,,
Cecilia,2,K,imię,0.00%,,,
Dagna,2,K,imię,0.00%,,,
Kajla,2,K,imię,0.00%,,,
Linda,2,K,imię,0.00%,,,
Marina,2,K,imię,0.00%,,,
Lucy,2,K,imię,0.00%,,,
Emili,2,K,imię,0.00%,,,
Zahra,2,K,imię,0.00%,,,
Teya,2,K,imię,0.00%,,,
Salma,2,K,imię,0.00%,,,
Alessia,2,K,imię,0.00%,,,
Lianna,2,K,imię,0.00%,,,
Ana,2,K,imię,0.00%,,,
Anatolia,2,K,imię,0.00%,,,
Minh Châu,2,K,imię,0.00%,,,
Minh Anh,2,K,imię,0.00%,,,
Megan,2,K,imię,0.00%,,,
Manuela,2,K,imię,0.00%,,,
Liza,2,K,imię,0.00%,,,
Liya,2,K,imię,0.00%,,,
Leya,2,K,imię,0.00%,,,
Leontyna,2,K,imię,0.00%,,,
Kristina,2,K,imię,0.00%,,,
Alicia,2,K,imię,0.00%,,,
Kaya,2,K,imię,0.00%,,,
Nella,2,K,imię,0.00%,,,
Karla,2,K,imię,0.00%,,,
Roksolana,2,K,imię,0.00%,,,
Nadiia,2,K,imię,0.00%,,,
Freja,2,K,imię,0.00%,,,
Franka,2,K,imię,0.00%,,,
Felicia,2,K,imię,0.00%,,,
Darya,2,K,imię,0.00%,,,
Cirilla,2,K,imię,0.00%,,,
Chiara,2,K,imię,0.00%,,,
Bożena,2,K,imię,0.00%,,,
Aura,2,K,imię,0.00%,,,
Anika,2,K,imię,0.00%,,,
Jarosława,2,K,imię,0.00%,,,
Zoey,2,K,imię,0.00%,,,
Nikodem,5665,M,imię,5.05%,,,
Antoni,5167,M,imię,4.61%,,,
Jan,4975,M,imię,4.44%,,,
Leon,4958,M,imię,4.42%,,,
Aleksander,4609,M,imię,4.11%,,,
Franciszek,4488,M,imię,4.00%,,,
Ignacy,4158,M,imię,3.71%,,,
Stanisław,3502,M,imię,3.12%,,,
Jakub,3318,M,imię,2.96%,,,
Mikołaj,3165,M,imię,2.82%,,,
Maksymilian,2698,M,imię,2.41%,,,
Filip,2587,M,imię,2.31%,,,
Oliwier,2390,M,imię,2.13%,,,
Wojciech,2318,M,imię,2.07%,,,
Adam,2254,M,imię,2.01%,,,
Marcel,2172,M,imię,1.94%,,,
Tymon,2097,M,imię,1.87%,,,
Szymon,2087,M,imię,1.86%,,,
Gabriel,1940,M,imię,1.73%,,,
Julian,1840,M,imię,1.64%,,,
Wiktor,1832,M,imię,1.63%,,,
Kacper,1830,M,imię,1.63%,,,
Oskar,1733,M,imię,1.55%,,,
Michał,1598,M,imię,1.43%,,,
Miłosz,1512,M,imię,1.35%,,,
Igor,1420,M,imię,1.27%,,,
Tymoteusz,1341,M,imię,1.20%,,,
Teodor,1131,M,imię,1.01%,,,
Piotr,1075,M,imię,0.96%,,,
Tadeusz,993,M,imię,0.89%,,,
Bruno,990,M,imię,0.88%,,,
Henryk,905,M,imię,0.81%,,,
Cezary,863,M,imię,0.77%,,,
Dawid,839,M,imię,0.75%,,,
Hubert,838,M,imię,0.75%,,,
Krzysztof,801,M,imię,0.71%,,,
Milan,724,M,imię,0.65%,,,
Dominik,665,M,imię,0.59%,,,
Karol,646,M,imię,0.58%,,,
Bartosz,602,M,imię,0.54%,,,
Natan,593,M,imię,0.53%,,,
Artur,577,M,imię,0.51%,,,
Ksawery,564,M,imię,0.50%,,,
Józef,544,M,imię,0.49%,,,
Mateusz,536,M,imię,0.48%,,,
Kazimierz,531,M,imię,0.47%,,,
Leonard,494,M,imię,0.44%,,,
Leo,477,M,imię,0.43%,,,
Fabian,472,M,imię,0.42%,,,
Daniel,464,M,imię,0.41%,,,
Mark,444,M,imię,0.40%,,,
Maciej,444,M,imię,0.40%,,,
Witold,432,M,imię,0.39%,,,
Borys,424,M,imię,0.38%,,,
Tomasz,418,M,imię,0.37%,,,
Feliks,404,M,imię,0.36%,,,
Kornel,401,M,imię,0.36%,,,
Alan,401,M,imię,0.36%,,,
Stefan,380,M,imię,0.34%,,,
Kajetan,372,M,imię,0.33%,,,
Florian,335,M,imię,0.30%,,,
Paweł,335,M,imię,0.30%,,,
Eryk,335,M,imię,0.30%,,,
Emil,321,M,imię,0.29%,,,
Kuba,312,M,imię,0.28%,,,
Mieszko,302,M,imię,0.27%,,,
Remigiusz,299,M,imię,0.27%,,,
Gustaw,289,M,imię,0.26%,,,
Konstanty,287,M,imię,0.26%,,,
Bartłomiej,285,M,imię,0.25%,,,
Kamil,270,M,imię,0.24%,,,
Jerzy,249,M,imię,0.22%,,,
Adrian,244,M,imię,0.22%,,,
Grzegorz,238,M,imię,0.21%,,,
Olaf,235,M,imię,0.21%,,,
Liam,233,M,imię,0.21%,,,
Tobiasz,212,M,imię,0.19%,,,
David,198,M,imię,0.18%,,,
Ryszard,191,M,imię,0.17%,,,
Maksym,174,M,imię,0.16%,,,
Robert,173,M,imię,0.15%,,,
Beniamin,165,M,imię,0.15%,,,
Juliusz,158,M,imię,0.14%,,,
Damian,156,M,imię,0.14%,,,
Patryk,154,M,imię,0.14%,,,
Lucjan,153,M,imię,0.14%,,,
Jeremi,149,M,imię,0.13%,,,
Nataniel,141,M,imię,0.13%,,,
Matvii,140,M,imię,0.12%,,,
Maurycy,137,M,imię,0.12%,,,
Krystian,128,M,imię,0.11%,,,
Rafał,127,M,imię,0.11%,,,
Marcin,125,M,imię,0.11%,,,
Sebastian,124,M,imię,0.11%,,,
Aleks,124,M,imię,0.11%,,,
Artem,121,M,imię,0.11%,,,
Alex,120,M,imię,0.11%,,,
Edward,116,M,imię,0.10%,,,
Albert,114,M,imię,0.10%,,,
Konrad,114,M,imię,0.10%,,,
Samuel,113,M,imię,0.10%,,,
Marek,113,M,imię,0.10%,,,
Teo,112,M,imię,0.10%,,,
Łukasz,109,M,imię,0.10%,,,
Tymofii,105,M,imię,0.09%,,,
Olivier,105,M,imię,0.09%,,,
Wincenty,105,M,imię,0.09%,,,
Radosław,103,M,imię,0.09%,,,
Alexander,102,M,imię,0.09%,,,
Władysław,99,M,imię,0.09%,,,
Przemysław,98,M,imię,0.09%,,,
Damir,95,M,imię,0.08%,,,
Fryderyk,95,M,imię,0.08%,,,
Kordian,86,M,imię,0.08%,,,
Hugo,84,M,imię,0.07%,,,
Vincent,81,M,imię,0.07%,,,
Bogdan,79,M,imię,0.07%,,,
Andrzej,78,M,imię,0.07%,,,
Oleksandr,74,M,imię,0.07%,,,
Ludwik,73,M,imię,0.07%,,,
Roman,72,M,imię,0.06%,,,
Jeremiasz,71,M,imię,0.06%,,,
Iwo,69,M,imię,0.06%,,,
Jędrzej,68,M,imię,0.06%,,,
Gracjan,64,M,imię,0.06%,,,
Arkadiusz,64,M,imię,0.06%,,,
Ernest,64,M,imię,0.06%,,,
Oliver,63,M,imię,0.06%,,,
Seweryn,59,M,imię,0.05%,,,
Błażej,59,M,imię,0.05%,,,
Maks,58,M,imię,0.05%,,,
Mykhailo,57,M,imię,0.05%,,,
Wincent,56,M,imię,0.05%,,,
Aleksy,55,M,imię,0.05%,,,
Dorian,52,M,imię,0.05%,,,
Bohdan,50,M,imię,0.04%,,,
Timur,49,M,imię,0.04%,,,
Aron,47,M,imię,0.04%,,,
Makar,47,M,imię,0.04%,,,
Olgierd,46,M,imię,0.04%,,,
Luka,44,M,imię,0.04%,,,
Vladyslav,43,M,imię,0.04%,,,
Jacek,43,M,imię,0.04%,,,
Demian,42,M,imię,0.04%,,,
Miron,42,M,imię,0.04%,,,
Danylo,41,M,imię,0.04%,,,
Bernard,39,M,imię,0.03%,,,
Max,39,M,imię,0.03%,,,
Leonardo,38,M,imię,0.03%,,,
Leopold,35,M,imię,0.03%,,,
Kosma,35,M,imię,0.03%,,,
Szczepan,35,M,imię,0.03%,,,
Brunon,35,M,imię,0.03%,,,
Yaroslav,35,M,imię,0.03%,,,
Davyd,34,M,imię,0.03%,,,
Cyprian,33,M,imię,0.03%,,,
Nikolas,32,M,imię,0.03%,,,
Ivan,32,M,imię,0.03%,,,
Felicjan,31,M,imię,0.03%,,,
Lev,31,M,imię,0.03%,,,
Tytus,31,M,imię,0.03%,,,
Benjamin,31,M,imię,0.03%,,,
Marko,30,M,imię,0.03%,,,
Nicolas,29,M,imię,0.03%,,,
Nazar,29,M,imię,0.03%,,,
Joachim,28,M,imię,0.02%,,,
Edmund,28,M,imię,0.02%,,,
Dariusz,28,M,imię,0.02%,,,
Dmytro,27,M,imię,0.02%,,,
Maximilian,27,M,imię,0.02%,,,
Theo,26,M,imię,0.02%,,,
Orest,26,M,imię,0.02%,,,
Gniewomir,26,M,imię,0.02%,,,
Noah,26,M,imię,0.02%,,,
Amir,26,M,imię,0.02%,,,
Marceli,26,M,imię,0.02%,,,
Oliwer,26,M,imię,0.02%,,,
Zbigniew,25,M,imię,0.02%,,,
Noe,25,M,imię,0.02%,,,
Norbert,25,M,imię,0.02%,,,
Erik,25,M,imię,0.02%,,,
Klemens,23,M,imię,0.02%,,,
Sviatoslav,23,M,imię,0.02%,,,
Lew,22,M,imię,0.02%,,,
August,21,M,imię,0.02%,,,
Oktawian,21,M,imię,0.02%,,,
Zakhar,21,M,imię,0.02%,,,
Felix,20,M,imię,0.02%,,,
Emanuel,20,M,imię,0.02%,,,
Korneliusz,20,M,imię,0.02%,,,
Zachary,19,M,imię,0.02%,,,
Benedykt,18,M,imię,0.02%,,,
Illia,18,M,imię,0.02%,,,
Amadeusz,18,M,imię,0.02%,,,
Emilian,18,M,imię,0.02%,,,
Viktor,17,M,imię,0.02%,,,
Ziemowit,17,M,imię,0.02%,,,
Kai,17,M,imię,0.02%,,,
Bolesław,16,M,imię,0.01%,,,
Bogusław,16,M,imię,0.01%,,,
Bogumił,16,M,imię,0.01%,,,
Yan,16,M,imię,0.01%,,,
Jonasz,16,M,imię,0.01%,,,
Andrii,16,M,imię,0.01%,,,
William,15,M,imię,0.01%,,,
Sylwester,15,M,imię,0.01%,,,
Noel,14,M,imię,0.01%,,,
Augustyn,14,M,imię,0.01%,,,
Stanislav,14,M,imię,0.01%,,,
Arsen,14,M,imię,0.01%,,,
Brajan,14,M,imię,0.01%,,,
Zygmunt,14,M,imię,0.01%,,,
Tymur,14,M,imię,0.01%,,,
Marsel,13,M,imię,0.01%,,,
Nikita,13,M,imię,0.01%,,,
Mikhail,13,M,imię,0.01%,,,
Daniil,13,M,imię,0.01%,,,
Michael,13,M,imię,0.01%,,,
Martin,13,M,imię,0.01%,,,
Eliasz,12,M,imię,0.01%,,,
Denis,12,M,imię,0.01%,,,
Lukas,11,M,imię,0.01%,,,
Czesław,11,M,imię,0.01%,,,
Muhammad,11,M,imię,0.01%,,,
Lucjusz,11,M,imię,0.01%,,,
Gniewko,11,M,imię,0.01%,,,
Oscar,10,M,imię,0.01%,,,
Matteo,10,M,imię,0.01%,,,
Niko,10,M,imię,0.01%,,,
Myron,10,M,imię,0.01%,,,
Bronisław,10,M,imię,0.01%,,,
Roch,10,M,imię,0.01%,,,
Jarosław,10,M,imię,0.01%,,,
Matviy,10,M,imię,0.01%,,,
Ostap,9,M,imię,0.01%,,,
Wit,9,M,imię,0.01%,,,
Mirosław,9,M,imię,0.01%,,,
Rafael,9,M,imię,0.01%,,,
Kevin,9,M,imię,0.01%,,,
Leszek,9,M,imię,0.01%,,,
Lucas,9,M,imię,0.01%,,,
Aaron,9,M,imię,0.01%,,,
Kaspian,9,M,imię,0.01%,,,
Ali,8,M,imię,0.01%,,,
Mieczysław,8,M,imię,0.01%,,,
Antonio,8,M,imię,0.01%,,,
Volodymyr,8,M,imię,0.01%,,,
Maksim,8,M,imię,0.01%,,,
Lukian,7,M,imię,0.01%,,,
Marian,7,M,imię,0.01%,,,
Hieronim,7,M,imię,0.01%,,,
Anton,7,M,imię,0.01%,,,
Krzesimir,7,M,imię,0.01%,,,
Konstantyn,6,M,imię,0.01%,,,
Thomas,6,M,imię,0.01%,,,
Franek,6,M,imię,0.01%,,,
Luca,6,M,imię,0.01%,,,
Ksawier,6,M,imię,0.01%,,,
Victor,6,M,imię,0.01%,,,
Theodore,6,M,imię,0.01%,,,
Mariusz,6,M,imię,0.01%,,,
Dionizy,6,M,imię,0.01%,,,
Mateo,6,M,imię,0.01%,,,
Matvey,6,M,imię,0.01%,,,
Milo,6,M,imię,0.01%,,,
Teofil,6,M,imię,0.01%,,,
Yehor,6,M,imię,0.01%,,,
Diego,6,M,imię,0.01%,,,
Oleksii,6,M,imię,0.01%,,,
Wawrzyniec,6,M,imię,0.01%,,,
Maxim,6,M,imię,0.01%,,,
Lech,6,M,imię,0.01%,,,
Dante,6,M,imię,0.01%,,,
Aureliusz,5,M,imię,0.00%,,,
Matvei,5,M,imię,0.00%,,,
Jonatan,5,M,imię,0.00%,,,
Timofey,5,M,imię,0.00%,,,
Gniewosz,5,M,imię,0.00%,,,
Denys,5,M,imię,0.00%,,,
Arthur,5,M,imię,0.00%,,,
Włodzimierz,5,M,imię,0.00%,,,
Eric,4,M,imię,0.00%,,,
Eugeniusz,4,M,imię,0.00%,,,
Aleksandr,4,M,imię,0.00%,,,
Ilian,4,M,imię,0.00%,,,
Theodor,4,M,imię,0.00%,,,
Mykyta,4,M,imię,0.00%,,,
Sławomir,4,M,imię,0.00%,,,
Oleg,4,M,imię,0.00%,,,
Umar,4,M,imię,0.00%,,,
Mykola,4,M,imię,0.00%,,,
Tim,4,M,imię,0.00%,,,
Serafin,4,M,imię,0.00%,,,
Hektor,4,M,imię,0.00%,,,
Myroslav,4,M,imię,0.00%,,,
Ayaan,4,M,imię,0.00%,,,
Ian,4,M,imię,0.00%,,,
Edgar,4,M,imię,0.00%,,,
Enei,4,M,imię,0.00%,,,
Ethan,4,M,imię,0.00%,,,
Radomir,4,M,imię,0.00%,,,
Nathaniel,4,M,imię,0.00%,,,
Serhii,4,M,imię,0.00%,,,
Danil,4,M,imię,0.00%,,,
Pavlo,4,M,imię,0.00%,,,
Gerard,4,M,imię,0.00%,,,
Mikael,4,M,imię,0.00%,,,
Nazarii,4,M,imię,0.00%,,,
Bastian,4,M,imię,0.00%,,,
Emmanuel,4,M,imię,0.00%,,,
Leonidas,3,M,imię,0.00%,,,
Lucian,3,M,imię,0.00%,,,
Aslan,3,M,imię,0.00%,,,
Matei,3,M,imię,0.00%,,,
Minh Khang,3,M,imię,0.00%,,,
Arda,3,M,imię,0.00%,,,
Pavel,3,M,imię,0.00%,,,
Platon,3,M,imię,0.00%,,,
Rayan,3,M,imię,0.00%,,,
Joseph,3,M,imię,0.00%,,,
Herman,3,M,imię,0.00%,,,
Santiago,3,M,imię,0.00%,,,
Sambor,3,M,imię,0.00%,,,
Timothy,3,M,imię,0.00%,,,
Alfred,3,M,imię,0.00%,,,
Zayn,3,M,imię,0.00%,,,
Gilbert,3,M,imię,0.00%,,,
Ruslan,2,M,imię,0.00%,,,
Tymofij,2,M,imię,0.00%,,,
Vito,2,M,imię,0.00%,,,
Walenty,2,M,imię,0.00%,,,
Yann,2,M,imię,0.00%,,,
Tadei,2,M,imię,0.00%,,,
Yasin,2,M,imię,0.00%,,,
Stepan,2,M,imię,0.00%,,,
Shivansh,2,M,imię,0.00%,,,
Minh Khôi,2,M,imię,0.00%,,,
Nhật Minh,2,M,imię,0.00%,,,
Youssef,2,M,imię,0.00%,,,
Sami,2,M,imię,0.00%,,,
Nil,2,M,imię,0.00%,,,
Oleh,2,M,imię,0.00%,,,
Omar,2,M,imię,0.00%,,,
Renat,2,M,imię,0.00%,,,
Reyansh,2,M,imię,0.00%,,,
Riccardo,2,M,imię,0.00%,,,
Saad,2,M,imię,0.00%,,,
Yassin,2,M,imię,0.00%,,,
Tycjan,2,M,imię,0.00%,,,
Matwiej,2,M,imię,0.00%,,,
Zachar,2,M,imię,0.00%,,,
Erwin,2,M,imię,0.00%,,,
Elian,2,M,imię,0.00%,,,
Dylan,2,M,imię,0.00%,,,
Dominic,2,M,imię,0.00%,,,
Zachariasz,2,M,imię,0.00%,,,
Tomas,2,M,imię,0.00%,,,
Sani,2,M,imię,0.00%,,,
Remi,2,M,imię,0.00%,,,
Edwin,2,M,imię,0.00%,,,
Cyryl,2,M,imię,0.00%,,,
Enzo,2,M,imię,0.00%,,,
Taras,2,M,imię,0.00%,,,
Olek,2,M,imię,0.00%,,,
Yakub,2,M,imię,0.00%,,,
Ariel,2,M,imię,0.00%,,,
Izaak,2,M,imię,0.00%,,,
Wojtek,2,M,imię,0.00%,,,
Elias,2,M,imię,0.00%,,,
Armin,2,M,imię,0.00%,,,
Geralt,2,M,imię,0.00%,,,
Markiian,2,M,imię,0.00%,,,
Martyn,2,M,imię,0.00%,,,
Abubakar,2,M,imię,0.00%,,,
Yusuf,2,M,imię,0.00%,,,
Maxymilian,2,M,imię,0.00%,,,
Anatol,2,M,imię,0.00%,,,
Itan,2,M,imię,0.00%,,,
Louis,2,M,imię,0.00%,,,
Neo,2,M,imię,0.00%,,,
Zahar,2,M,imię,0.00%,,,
Symeon,2,M,imię,0.00%,,,
Dmitrij,2,M,imię,0.00%,,,
Maxwell,2,M,imię,0.00%,,,
Miroslav,2,M,imię,0.00%,,,
Manuel,2,M,imię,0.00%,,,
Joszko,2,M,imię,0.00%,,,
Ilyas,2,M,imię,0.00%,,,
Ezra,2,M,imię,0.00%,,,
Carlos,2,M,imię,0.00%,,,
Brian,2,M,imię,0.00%,,,
Axel,2,M,imię,0.00%,,,
Aurel,2,M,imię,0.00%,,,
Samir,2,M,imię,0.00%,,,
Yurii,2,M,imię,0.00%,,,
Brayan,2,M,imię,0.00%,,,
Ryan,2,M,imię,0.00%,,,
Kostiantyn,2,M,imię,0.00%,,,
Elio,2,M,imię,0.00%,,,
Liubomyr,2,M,imię,0.00%,,,
Aurelio,2,M,imię,0.00%,,,
James,2,M,imię,0.00%,,,
Jarema,2,M,imię,0.00%,,,
Czarek,2,M,imię,0.00%,,,
Thiago,2,M,imię,0.00%,,,
Kiril,2,M,imię,0.00%,,,
Kristian,2,M,imię,0.00%,,,
Jegor,2,M,imię,0.00%,,,
Tadej,2,M,imię,0.00%,,,
Shreyansh,2,M,imię,0.00%,,,
Selim,2,M,imię,0.00%,,,
Luis,2,M,imię,0.00%,,,
Marcus,2,M,imię,0.00%,,,
Mihail,2,M,imię,0.00%,,,
Illya,2,M,imię,0.00%,,,
Markus,2,M,imię,0.00%,,,
Makary,2,M,imię,0.00%,,,
Uriel,2,M,imię,0.00%,,,
Malik,2,M,imię,0.00%,,,
Malek,2,M,imię,0.00%,,,
Lionel,2,M,imię,0.00%,,,
Kiryl,2,M,imię,0.00%,,,
Joel,2,M,imię,0.00%,,,
Jaromir,2,M,imię,0.00%,,,
Ismoil,2,M,imię,0.00%,,,
Imran,2,M,imię,0.00%,,,
Ibrahim,2,M,imię,0.00%,,,
Henry,2,M,imię,0.00%,,,
Gleb,2,M,imię,0.00%,,,
Gerald,2,M,imię,0.00%,,,
Gaspar,2,M,imię,0.00%,,,
Orion,2,M,imię,0.00%,,,
Eliot,2,M,imię,0.00%,,,
Dan,2,M,imię,0.00%,,,
Bazyli,2,M,imię,0.00%,,,
Ayan,2,M,imię,0.00%,,,
Aryan,2,M,imię,0.00%,,,
Arslan,2,M,imię,0.00%,,,
Aris,2,M,imię,0.00%,,,
Aras,2,M,imię,0.00%,,,
Alexandre,2,M,imię,0.00%,,,
Alek,2,M,imię,0.00%,,,
Ahmad,2,M,imię,0.00%,,,
Lorenzo,2,M,imię,0.00%,,,
Zayd,2,M,imię,0.00%,,,
Zain,2,M,imię,0.00%,,,
Danyl,2,M,imię,0.00%,,,
Nico,2,M,imię,0.00%,,,
Nowak,98859,M,nazwisko,1.52%,,,
Kowalski,66891,M,nazwisko,1.03%,,,
Wiśniewski,53380,M,nazwisko,0.82%,,,
Wójcik,47981,M,nazwisko,0.74%,,,
Kowalczyk,47252,M,nazwisko,0.72%,,,
Kamiński,46050,M,nazwisko,0.71%,,,
Lewandowski,44668,M,nazwisko,0.69%,,,
Zieliński,44115,M,nazwisko,0.68%,,,
Woźniak,42757,M,nazwisko,0.66%,,,
Szymański,42640,M,nazwisko,0.65%,,,
Dąbrowski,41802,M,nazwisko,0.64%,,,
Kozłowski,36441,M,nazwisko,0.56%,,,
Mazur,34595,M,nazwisko,0.53%,,,
Jankowski,33282,M,nazwisko,0.51%,,,
Kwiatkowski,32068,M,nazwisko,0.49%,,,
Wojciechowski,31744,M,nazwisko,0.49%,,,
Krawczyk,30446,M,nazwisko,0.47%,,,
Kaczmarek,29934,M,nazwisko,0.46%,,,
Piotrowski,29426,M,nazwisko,0.45%,,,
Grabowski,28078,M,nazwisko,0.43%,,,
Zając,27028,M,nazwisko,0.41%,,,
Pawłowski,26775,M,nazwisko,0.41%,,,
Król,26658,M,nazwisko,0.41%,,,
Michalski,26171,M,nazwisko,0.40%,,,
Wróbel,24815,M,nazwisko,0.38%,,,
Wieczorek,24336,M,nazwisko,0.37%,,,
Jabłoński,24175,M,nazwisko,0.37%,,,
Nowakowski,23742,M,nazwisko,0.36%,,,
Majewski,23700,M,nazwisko,0.36%,,,
Olszewski,23345,M,nazwisko,0.36%,,,
Dudek,22786,M,nazwisko,0.35%,,,
Jaworski,22676,M,nazwisko,0.35%,,,
Stępień,22653,M,nazwisko,0.35%,,,
Malinowski,22649,M,nazwisko,0.35%,,,
Adamczyk,22547,M,nazwisko,0.35%,,,
Górski,21878,M,nazwisko,0.34%,,,
Pawlak,21824,M,nazwisko,0.33%,,,
Sikora,21762,M,nazwisko,0.33%,,,
Nowicki,21707,M,nazwisko,0.33%,,,
Witkowski,21335,M,nazwisko,0.33%,,,
Rutkowski,21182,M,nazwisko,0.32%,,,
Walczak,21019,M,nazwisko,0.32%,,,
Baran,20976,M,nazwisko,0.32%,,,
Michalak,20397,M,nazwisko,0.31%,,,
Ostrowski,20242,M,nazwisko,0.31%,,,
Szewczyk,20186,M,nazwisko,0.31%,,,
Tomaszewski,19357,M,nazwisko,0.30%,,,
Zalewski,19092,M,nazwisko,0.29%,,,
Wróblewski,18782,M,nazwisko,0.29%,,,
Pietrzak,18545,M,nazwisko,0.28%,,,
Jasiński,18502,M,nazwisko,0.28%,,,
Duda,18308,M,nazwisko,0.28%,,,
Marciniak,18205,M,nazwisko,0.28%,,,
Sadowski,18137,M,nazwisko,0.28%,,,
Bąk,18052,M,nazwisko,0.28%,,,
Zawadzki,17984,M,nazwisko,0.28%,,,
Jakubowski,17891,M,nazwisko,0.27%,,,
Wilk,17428,M,nazwisko,0.27%,,,
Chmielewski,17200,M,nazwisko,0.26%,,,
Borkowski,16953,M,nazwisko,0.26%,,,
Włodarczyk,16846,M,nazwisko,0.26%,,,
Sokołowski,16549,M,nazwisko,0.25%,,,
Szczepański,16521,M,nazwisko,0.25%,,,
Sawicki,16452,M,nazwisko,0.25%,,,
Lis,16369,M,nazwisko,0.25%,,,
Kucharski,15796,M,nazwisko,0.24%,,,
Kalinowski,15645,M,nazwisko,0.24%,,,
Wysocki,15565,M,nazwisko,0.24%,,,
Mazurek,15495,M,nazwisko,0.24%,,,
Maciejewski,15388,M,nazwisko,0.24%,,,
Kubiak,15388,M,nazwisko,0.24%,,,
Kołodziej,14950,M,nazwisko,0.23%,,,
Kaźmierczak,14620,M,nazwisko,0.22%,,,
Czarnecki,14487,M,nazwisko,0.22%,,,
Konieczny,13940,M,nazwisko,0.21%,,,
Sobczak,13937,M,nazwisko,0.21%,,,
Krupa,13922,M,nazwisko,0.21%,,,
Głowacki,13722,M,nazwisko,0.21%,,,
Mróz,13637,M,nazwisko,0.21%,,,
Urbański,13613,M,nazwisko,0.21%,,,
Kozak,13570,M,nazwisko,0.21%,,,
Zakrzewski,13500,M,nazwisko,0.21%,,,
Krajewski,13452,M,nazwisko,0.21%,,,
Wasilewski,13450,M,nazwisko,0.21%,,,
Laskowski,13315,M,nazwisko,0.20%,,,
Sikorski,13276,M,nazwisko,0.20%,,,
Ziółkowski,13116,M,nazwisko,0.20%,,,
Gajewski,13055,M,nazwisko,0.20%,,,
Szulc,13044,M,nazwisko,0.20%,,,
Makowski,12973,M,nazwisko,0.20%,,,
Kaczmarczyk,12816,M,nazwisko,0.20%,,,
Baranowski,12768,M,nazwisko,0.20%,,,
Brzeziński,12743,M,nazwisko,0.20%,,,
Przybylski,12599,M,nazwisko,0.19%,,,
Kania,12547,M,nazwisko,0.19%,,,
Janik,12504,M,nazwisko,0.19%,,,
Szymczak,12473,M,nazwisko,0.19%,,,
Borowski,12457,M,nazwisko,0.19%,,,
Adamski,12432,M,nazwisko,0.19%,,,
Błaszczyk,12391,M,nazwisko,0.19%,,,
Górecki,12304,M,nazwisko,0.19%,,,
Szczepaniak,12284,M,nazwisko,0.19%,,,
Chojnacki,12077,M,nazwisko,0.19%,,,
Kozioł,12031,M,nazwisko,0.18%,,,
Leszczyński,12026,M,nazwisko,0.18%,,,
Mucha,12010,M,nazwisko,0.18%,,,
Lipiński,12003,M,nazwisko,0.18%,,,
Andrzejewski,11961,M,nazwisko,0.18%,,,
Kowalewski,11950,M,nazwisko,0.18%,,,
Czerwiński,11908,M,nazwisko,0.18%,,,
Mikołajczyk,11821,M,nazwisko,0.18%,,,
Wesołowski,11820,M,nazwisko,0.18%,,,
Zięba,11697,M,nazwisko,0.18%,,,
Jarosz,11635,M,nazwisko,0.18%,,,
Cieślak,11529,M,nazwisko,0.18%,,,
Kowalik,11430,M,nazwisko,0.18%,,,
Markowski,11430,M,nazwisko,0.18%,,,
Musiał,11404,M,nazwisko,0.17%,,,
Kołodziejczyk,11260,M,nazwisko,0.17%,,,
Kopeć,11193,M,nazwisko,0.17%,,,
Brzozowski,11121,M,nazwisko,0.17%,,,
Piątek,11052,M,nazwisko,0.17%,,,
Nowacki,11046,M,nazwisko,0.17%,,,
Żak,10958,M,nazwisko,0.17%,,,
Domański,10912,M,nazwisko,0.17%,,,
Pawlik,10895,M,nazwisko,0.17%,,,
Orłowski,10866,M,nazwisko,0.17%,,,
Kurek,10847,M,nazwisko,0.17%,,,
Kot,10842,M,nazwisko,0.17%,,,
Wójtowicz,10779,M,nazwisko,0.17%,,,
Tomczyk,10778,M,nazwisko,0.17%,,,
Ciesielski,10758,M,nazwisko,0.17%,,,
Kruk,10747,M,nazwisko,0.16%,,,
Tomczak,10744,M,nazwisko,0.16%,,,
Wawrzyniak,10590,M,nazwisko,0.16%,,,
Polak,10495,M,nazwisko,0.16%,,,
Wolski,10415,M,nazwisko,0.16%,,,
Markiewicz,10299,M,nazwisko,0.16%,,,
Sowa,10268,M,nazwisko,0.16%,,,
Stasiak,10092,M,nazwisko,0.15%,,,
Jastrzębski,10030,M,nazwisko,0.15%,,,
Karpiński,10006,M,nazwisko,0.15%,,,
Stankiewicz,9978,M,nazwisko,0.15%,,,
Urbaniak,9935,M,nazwisko,0.15%,,,
Piasecki,9811,M,nazwisko,0.15%,,,
Klimek,9767,M,nazwisko,0.15%,,,
Łuczak,9740,M,nazwisko,0.15%,,,
Czajkowski,9727,M,nazwisko,0.15%,,,
Nawrocki,9692,M,nazwisko,0.15%,,,
Wierzbicki,9691,M,nazwisko,0.15%,,,
Gajda,9630,M,nazwisko,0.15%,,,
Bielecki,9456,M,nazwisko,0.15%,,,
Dziedzic,9450,M,nazwisko,0.14%,,,
Bednarek,9426,M,nazwisko,0.14%,,,
Stefański,9415,M,nazwisko,0.14%,,,
Madej,9409,M,nazwisko,0.14%,,,
Milewski,9352,M,nazwisko,0.14%,,,
Janicki,9282,M,nazwisko,0.14%,,,
Sosnowski,9225,M,nazwisko,0.14%,,,
Kowal,9223,M,nazwisko,0.14%,,,
Skiba,9203,M,nazwisko,0.14%,,,
Leśniak,9198,M,nazwisko,0.14%,,,
Urban,9133,M,nazwisko,0.14%,,,
Maj,9127,M,nazwisko,0.14%,,,
Jóźwiak,9083,M,nazwisko,0.14%,,,
Majchrzak,9057,M,nazwisko,0.14%,,,
Socha,8936,M,nazwisko,0.14%,,,
Śliwiński,8927,M,nazwisko,0.14%,,,
Małecki,8918,M,nazwisko,0.14%,,,
Bednarczyk,8898,M,nazwisko,0.14%,,,
Marek,8889,M,nazwisko,0.14%,,,
Domagała,8829,M,nazwisko,0.14%,,,
Kasprzak,8693,M,nazwisko,0.13%,,,
Dobrowolski,8668,M,nazwisko,0.13%,,,
Wrona,8658,M,nazwisko,0.13%,,,
Pająk,8575,M,nazwisko,0.13%,,,
Michalik,8560,M,nazwisko,0.13%,,,
Matuszewski,8547,M,nazwisko,0.13%,,,
Ratajczak,8507,M,nazwisko,0.13%,,,
Olejniczak,8399,M,nazwisko,0.13%,,,
Świątek,8390,M,nazwisko,0.13%,,,
Orzechowski,8363,M,nazwisko,0.13%,,,
Wilczyński,8323,M,nazwisko,0.13%,,,
Romanowski,8315,M,nazwisko,0.13%,,,
Kurowski,8285,M,nazwisko,0.13%,,,
Rybak,8224,M,nazwisko,0.13%,,,
Rogowski,8161,M,nazwisko,0.13%,,,
Olejnik,8153,M,nazwisko,0.13%,,,
Łukasik,8135,M,nazwisko,0.12%,,,
Mazurkiewicz,8124,M,nazwisko,0.12%,,,
Bukowski,8115,M,nazwisko,0.12%,,,
Grzelak,8097,M,nazwisko,0.12%,,,
Sroka,8072,M,nazwisko,0.12%,,,
Owczarek,8043,M,nazwisko,0.12%,,,
Sobolewski,8016,M,nazwisko,0.12%,,,
Kosiński,7919,M,nazwisko,0.12%,,,
Kędzierski,7903,M,nazwisko,0.12%,,,
Zych,7864,M,nazwisko,0.12%,,,
Barański,7851,M,nazwisko,0.12%,,,
Bednarz,7810,M,nazwisko,0.12%,,,
Marszałek,7777,M,nazwisko,0.12%,,,
Sobczyk,7696,M,nazwisko,0.12%,,,
Matusiak,7660,M,nazwisko,0.12%,,,
Marcinkowski,7647,M,nazwisko,0.12%,,,
Skowroński,7645,M,nazwisko,0.12%,,,
Świderski,7628,M,nazwisko,0.12%,,,
Chrzanowski,7624,M,nazwisko,0.12%,,,
Lisowski,7597,M,nazwisko,0.12%,,,
Kozieł,7576,M,nazwisko,0.12%,,,
Kasprzyk,7548,M,nazwisko,0.12%,,,
Białek,7533,M,nazwisko,0.12%,,,
Bednarski,7524,M,nazwisko,0.12%,,,
Witek,7426,M,nazwisko,0.11%,,,
Kuczyński,7424,M,nazwisko,0.11%,,,
Kwiecień,7418,M,nazwisko,0.11%,,,
Pluta,7409,M,nazwisko,0.11%,,,
Grzybowski,7380,M,nazwisko,0.11%,,,
Chmiel,7371,M,nazwisko,0.11%,,,
Czajka,7369,M,nazwisko,0.11%,,,
Paluch,7360,M,nazwisko,0.11%,,,
Turek,7352,M,nazwisko,0.11%,,,
Janiszewski,7351,M,nazwisko,0.11%,,,
Jędrzejewski,7340,M,nazwisko,0.11%,,,
Muszyński,7317,M,nazwisko,0.11%,,,
Marczak,7312,M,nazwisko,0.11%,,,
Morawski,7295,M,nazwisko,0.11%,,,
Małek,7246,M,nazwisko,0.11%,,,
Czaja,7171,M,nazwisko,0.11%,,,
Śliwa,7160,M,nazwisko,0.11%,,,
Żukowski,7155,M,nazwisko,0.11%,,,
Marzec,7148,M,nazwisko,0.11%,,,
Kaczor,7139,M,nazwisko,0.11%,,,
Rak,7119,M,nazwisko,0.11%,,,
Kubicki,7114,M,nazwisko,0.11%,,,
Piekarski,7109,M,nazwisko,0.11%,,,
Czech,7064,M,nazwisko,0.11%,,,
Szczęsny,7042,M,nazwisko,0.11%,,,
Przybysz,7015,M,nazwisko,0.11%,,,
Osiński,6992,M,nazwisko,0.11%,,,
Gołębiewski,6977,M,nazwisko,0.11%,,,
Krzemiński,6965,M,nazwisko,0.11%,,,
Stefaniak,6952,M,nazwisko,0.11%,,,
Janowski,6948,M,nazwisko,0.11%,,,
Kulesza,6916,M,nazwisko,0.11%,,,
Biernacki,6889,M,nazwisko,0.11%,,,
Lech,6856,M,nazwisko,0.11%,,,
Banach,6849,M,nazwisko,0.11%,,,
Szydłowski,6838,M,nazwisko,0.10%,,,
Smoliński,6838,M,nazwisko,0.10%,,,
Serafin,6834,M,nazwisko,0.10%,,,
Kujawa,6809,M,nazwisko,0.10%,,,
Michałowski,6806,M,nazwisko,0.10%,,,
Lewicki,6796,M,nazwisko,0.10%,,,
Góra,6773,M,nazwisko,0.10%,,,
Staniszewski,6746,M,nazwisko,0.10%,,,
Murawski,6741,M,nazwisko,0.10%,,,
Cieślik,6740,M,nazwisko,0.10%,,,
Kacprzak,6737,M,nazwisko,0.10%,,,
Rudnicki,6732,M,nazwisko,0.10%,,,
Popławski,6698,M,nazwisko,0.10%,,,
Dębski,6686,M,nazwisko,0.10%,,,
Drozd,6684,M,nazwisko,0.10%,,,
Stachowiak,6678,M,nazwisko,0.10%,,,
Pietrzyk,6670,M,nazwisko,0.10%,,,
Żurek,6619,M,nazwisko,0.10%,,,
Górka,6596,M,nazwisko,0.10%,,,
Piątkowski,6587,M,nazwisko,0.10%,,,
Niemiec,6580,M,nazwisko,0.10%,,,
Banaś,6572,M,nazwisko,0.10%,,,
Zawada,6567,M,nazwisko,0.10%,,,
Karczewski,6561,M,nazwisko,0.10%,,,
Górny,6541,M,nazwisko,0.10%,,,
Podgórski,6539,M,nazwisko,0.10%,,,
Matysiak,6539,M,nazwisko,0.10%,,,
Żurawski,6531,M,nazwisko,0.10%,,,
Sowiński,6507,M,nazwisko,0.10%,,,
Klimczak,6486,M,nazwisko,0.10%,,,
Gołębiowski,6473,M,nazwisko,0.10%,,,
Czyż,6463,M,nazwisko,0.10%,,,
Rosiński,6429,M,nazwisko,0.10%,,,
Bieniek,6371,M,nazwisko,0.10%,,,
Kuś,6355,M,nazwisko,0.10%,,,
Godlewski,6350,M,nazwisko,0.10%,,,
Gruszka,6318,M,nazwisko,0.10%,,,
Krawiec,6305,M,nazwisko,0.10%,,,
Augustyniak,6300,M,nazwisko,0.10%,,,
Skrzypczak,6292,M,nazwisko,0.10%,,,
Grochowski,6267,M,nazwisko,0.10%,,,
Ptak,6249,M,nazwisko,0.10%,,,
Panek,6230,M,nazwisko,0.10%,,,
Gil,6196,M,nazwisko,0.10%,,,
Przybyła,6193,M,nazwisko,0.09%,,,
Różański,6152,M,nazwisko,0.09%,,,
Kulik,6137,M,nazwisko,0.09%,,,
Winiarski,6127,M,nazwisko,0.09%,,,
Konopka,6125,M,nazwisko,0.09%,,,
Komorowski,6088,M,nazwisko,0.09%,,,
Siwek,6058,M,nazwisko,0.09%,,,
Zaremba,6054,M,nazwisko,0.09%,,,
Słowik,6053,M,nazwisko,0.09%,,,
Cybulski,6027,M,nazwisko,0.09%,,,
Melnyk,6001,M,nazwisko,0.09%,,,
Szczepanik,5996,M,nazwisko,0.09%,,,
Leśniewski,5992,M,nazwisko,0.09%,,,
Grzyb,5964,M,nazwisko,0.09%,,,
Kłos,5936,M,nazwisko,0.09%,,,
Krzyżanowski,5915,M,nazwisko,0.09%,,,
Mielczarek,5902,M,nazwisko,0.09%,,,
Cichoń,5898,M,nazwisko,0.09%,,,
Młynarczyk,5886,M,nazwisko,0.09%,,,
Tokarski,5886,M,nazwisko,0.09%,,,
Zarzycki,5886,M,nazwisko,0.09%,,,
Graczyk,5883,M,nazwisko,0.09%,,,
Mikołajczak,5820,M,nazwisko,0.09%,,,
Kaczyński,5820,M,nazwisko,0.09%,,,
Buczek,5812,M,nazwisko,0.09%,,,
Stańczyk,5795,M,nazwisko,0.09%,,,
Szostak,5784,M,nazwisko,0.09%,,,
Cichocki,5771,M,nazwisko,0.09%,,,
Węgrzyn,5769,M,nazwisko,0.09%,,,
Biernat,5765,M,nazwisko,0.09%,,,
Szymczyk,5758,M,nazwisko,0.09%,,,
Jurek,5739,M,nazwisko,0.09%,,,
Strzelecki,5720,M,nazwisko,0.09%,,,
Szczygieł,5718,M,nazwisko,0.09%,,,
Skowron,5705,M,nazwisko,0.09%,,,
Bartkowiak,5695,M,nazwisko,0.09%,,,
Maćkowiak,5673,M,nazwisko,0.09%,,,
Bogusz,5665,M,nazwisko,0.09%,,,
Janus,5663,M,nazwisko,0.09%,,,
Cieśla,5655,M,nazwisko,0.09%,,,
Gawron,5646,M,nazwisko,0.09%,,,
Gąsior,5640,M,nazwisko,0.09%,,,
Filipiak,5623,M,nazwisko,0.09%,,,
Kucharczyk,5618,M,nazwisko,0.09%,,,
Kaleta,5563,M,nazwisko,0.09%,,,
Kubik,5560,M,nazwisko,0.09%,,,
Niewiadomski,5556,M,nazwisko,0.09%,,,
Kostrzewa,5551,M,nazwisko,0.09%,,,
Janiak,5534,M,nazwisko,0.08%,,,
Kula,5532,M,nazwisko,0.08%,,,
Rakowski,5522,M,nazwisko,0.08%,,,
Sienkiewicz,5514,M,nazwisko,0.08%,,,
Bagiński,5514,M,nazwisko,0.08%,,,
Książek,5513,M,nazwisko,0.08%,,,
Rzepka,5506,M,nazwisko,0.08%,,,
Gawlik,5479,M,nazwisko,0.08%,,,
Pałka,5455,M,nazwisko,0.08%,,,
Zaręba,5426,M,nazwisko,0.08%,,,
Różycki,5425,M,nazwisko,0.08%,,,
Antczak,5402,M,nazwisko,0.08%,,,
Frączek,5393,M,nazwisko,0.08%,,,
Malec,5381,M,nazwisko,0.08%,,,
Bartczak,5373,M,nazwisko,0.08%,,,
Trzciński,5341,M,nazwisko,0.08%,,,
Żebrowski,5319,M,nazwisko,0.08%,,,
Rogalski,5307,M,nazwisko,0.08%,,,
Długosz,5275,M,nazwisko,0.08%,,,
Mikulski,5274,M,nazwisko,0.08%,,,
Banasiak,5268,M,nazwisko,0.08%,,,
Królikowski,5262,M,nazwisko,0.08%,,,
Hajduk,5245,M,nazwisko,0.08%,,,
Rogala,5222,M,nazwisko,0.08%,,,
Rojek,5208,M,nazwisko,0.08%,,,
Lach,5199,M,nazwisko,0.08%,,,
Tkaczyk,5186,M,nazwisko,0.08%,,,
Kisiel,5175,M,nazwisko,0.08%,,,
Borek,5165,M,nazwisko,0.08%,,,
Grzegorczyk,5159,M,nazwisko,0.08%,,,
Stec,5153,M,nazwisko,0.08%,,,
Dobosz,5132,M,nazwisko,0.08%,,,
Gawroński,5130,M,nazwisko,0.08%,,,
Trojanowski,5116,M,nazwisko,0.08%,,,
Maliszewski,5100,M,nazwisko,0.08%,,,
Rybicki,5095,M,nazwisko,0.08%,,,
Wąsik,5083,M,nazwisko,0.08%,,,
Ślusarczyk,5071,M,nazwisko,0.08%,,,
Radomski,5053,M,nazwisko,0.08%,,,
Witczak,5038,M,nazwisko,0.08%,,,
Wolny,5035,M,nazwisko,0.08%,,,
Mika,5014,M,nazwisko,0.08%,,,
Zaborowski,5007,M,nazwisko,0.08%,,,
Kmiecik,4999,M,nazwisko,0.08%,,,
Lipski,4982,M,nazwisko,0.08%,,,
Walkowiak,4961,M,nazwisko,0.08%,,,
Białas,4944,M,nazwisko,0.08%,,,
Pawelec,4940,M,nazwisko,0.08%,,,
Grzesiak,4931,M,nazwisko,0.08%,,,
Frąckowiak,4919,M,nazwisko,0.08%,,,
Sokół,4907,M,nazwisko,0.08%,,,
Karwowski,4901,M,nazwisko,0.08%,,,
Wnuk,4899,M,nazwisko,0.08%,,,
Gałązka,4899,M,nazwisko,0.08%,,,
Bogucki,4893,M,nazwisko,0.08%,,,
Kaczorowski,4891,M,nazwisko,0.08%,,,
Frankowski,4873,M,nazwisko,0.07%,,,
Bochenek,4864,M,nazwisko,0.07%,,,
Zygmunt,4850,M,nazwisko,0.07%,,,
Cichy,4844,M,nazwisko,0.07%,,,
Żmuda,4829,M,nazwisko,0.07%,,,
Pasternak,4811,M,nazwisko,0.07%,,,
Kwaśniewski,4801,M,nazwisko,0.07%,,,
Nawrot,4792,M,nazwisko,0.07%,,,
Więckowski,4788,M,nazwisko,0.07%,,,
Wójcicki,4778,M,nazwisko,0.07%,,,
Juszczak,4761,M,nazwisko,0.07%,,,
Gaweł,4739,M,nazwisko,0.07%,,,
Mroczek,4734,M,nazwisko,0.07%,,,
Pietras,4731,M,nazwisko,0.07%,,,
Janas,4719,M,nazwisko,0.07%,,,
Dudziński,4713,M,nazwisko,0.07%,,,
Rosiak,4675,M,nazwisko,0.07%,,,
Karaś,4669,M,nazwisko,0.07%,,,
Lasota,4669,M,nazwisko,0.07%,,,
Łapiński,4669,M,nazwisko,0.07%,,,
Fijałkowski,4664,M,nazwisko,0.07%,,,
Misiak,4661,M,nazwisko,0.07%,,,
Wojtczak,4652,M,nazwisko,0.07%,,,
Skrzypek,4651,M,nazwisko,0.07%,,,
Piórkowski,4647,M,nazwisko,0.07%,,,
Wroński,4641,M,nazwisko,0.07%,,,
Bujak,4639,M,nazwisko,0.07%,,,
Krysiak,4620,M,nazwisko,0.07%,,,
Jędrzejczyk,4614,M,nazwisko,0.07%,,,
Kołodziejski,4600,M,nazwisko,0.07%,,,
Dąbek,4599,M,nazwisko,0.07%,,,
Kubacki,4592,M,nazwisko,0.07%,,,
Czyżewski,4588,M,nazwisko,0.07%,,,
Gruszczyński,4585,M,nazwisko,0.07%,,,
Piwowarczyk,4579,M,nazwisko,0.07%,,,
Gutowski,4569,M,nazwisko,0.07%,,,
Burzyński,4554,M,nazwisko,0.07%,,,
Borowiec,4535,M,nazwisko,0.07%,,,
Szafrański,4523,M,nazwisko,0.07%,,,
Sołtys,4521,M,nazwisko,0.07%,,,
Masłowski,4513,M,nazwisko,0.07%,,,
Stelmach,4512,M,nazwisko,0.07%,,,
Jagiełło,4505,M,nazwisko,0.07%,,,
Jagodziński,4504,M,nazwisko,0.07%,,,
Łukaszewski,4503,M,nazwisko,0.07%,,,
Tarnowski,4499,M,nazwisko,0.07%,,,
Zielonka,4491,M,nazwisko,0.07%,,,
Zajączkowski,4476,M,nazwisko,0.07%,,,
Cebula,4475,M,nazwisko,0.07%,,,
Dziuba,4473,M,nazwisko,0.07%,,,
Bober,4462,M,nazwisko,0.07%,,,
Krakowiak,4460,M,nazwisko,0.07%,,,
Kałużny,4457,M,nazwisko,0.07%,,,
Cygan,4455,M,nazwisko,0.07%,,,
Bielawski,4442,M,nazwisko,0.07%,,,
Łukasiewicz,4440,M,nazwisko,0.07%,,,
Lisiecki,4440,M,nazwisko,0.07%,,,
Woźny,4436,M,nazwisko,0.07%,,,
Wilczek,4427,M,nazwisko,0.07%,,,
Skoczylas,4425,M,nazwisko,0.07%,,,
Falkowski,4414,M,nazwisko,0.07%,,,
Filipek,4411,M,nazwisko,0.07%,,,
Jurkiewicz,4401,M,nazwisko,0.07%,,,
Kałuża,4400,M,nazwisko,0.07%,,,
Szcześniak,4400,M,nazwisko,0.07%,,,
Drzewiecki,4397,M,nazwisko,0.07%,,,
Pilarski,4395,M,nazwisko,0.07%,,,
Pakuła,4389,M,nazwisko,0.07%,,,
Jakubiak,4383,M,nazwisko,0.07%,,,
Skibiński,4374,M,nazwisko,0.07%,,,
Jędrzejczak,4371,M,nazwisko,0.07%,,,
Sobieraj,4354,M,nazwisko,0.07%,,,
Kędziora,4354,M,nazwisko,0.07%,,,
Gąsiorowski,4344,M,nazwisko,0.07%,,,
Dębowski,4334,M,nazwisko,0.07%,,,
Strzelczyk,4315,M,nazwisko,0.07%,,,
Flis,4306,M,nazwisko,0.07%,,,
Romaniuk,4303,M,nazwisko,0.07%,,,
Raczyński,4297,M,nazwisko,0.07%,,,
Twardowski,4296,M,nazwisko,0.07%,,,
Kulig,4295,M,nazwisko,0.07%,,,
Stanek,4286,M,nazwisko,0.07%,,,
Gołąb,4275,M,nazwisko,0.07%,,,
Guzik,4274,M,nazwisko,0.07%,,,
Mierzejewski,4267,M,nazwisko,0.07%,,,
Wasiak,4262,M,nazwisko,0.07%,,,
Kovalchuk,4261,M,nazwisko,0.07%,,,
Więcek,4252,M,nazwisko,0.07%,,,
Majcher,4252,M,nazwisko,0.07%,,,
Górniak,4252,M,nazwisko,0.07%,,,
Rusin,4249,M,nazwisko,0.07%,,,
Kubica,4248,M,nazwisko,0.07%,,,
Góral,4240,M,nazwisko,0.07%,,,
Matuszak,4212,M,nazwisko,0.06%,,,
Motyka,4205,M,nazwisko,0.06%,,,
Wolak,4203,M,nazwisko,0.06%,,,
Bartosik,4191,M,nazwisko,0.06%,,,
Bury,4178,M,nazwisko,0.06%,,,
Grzywacz,4174,M,nazwisko,0.06%,,,
Florek,4172,M,nazwisko,0.06%,,,
Bilski,4170,M,nazwisko,0.06%,,,
Drozdowski,4158,M,nazwisko,0.06%,,,
Szwed,4156,M,nazwisko,0.06%,,,
Wojtas,4154,M,nazwisko,0.06%,,,
Pytel,4143,M,nazwisko,0.06%,,,
Cholewa,4131,M,nazwisko,0.06%,,,
Czapla,4127,M,nazwisko,0.06%,,,
Stolarczyk,4121,M,nazwisko,0.06%,,,
Kaszuba,4121,M,nazwisko,0.06%,,,
Nowaczyk,4118,M,nazwisko,0.06%,,,
Krupiński,4117,M,nazwisko,0.06%,,,
Urbańczyk,4104,M,nazwisko,0.06%,,,
Partyka,4095,M,nazwisko,0.06%,,,
Bielak,4087,M,nazwisko,0.06%,,,
Paczkowski,4085,M,nazwisko,0.06%,,,
Kopczyński,4079,M,nazwisko,0.06%,,,
Prokop,4074,M,nazwisko,0.06%,,,
Zagórski,4063,M,nazwisko,0.06%,,,
Michałek,4059,M,nazwisko,0.06%,,,
Jaśkiewicz,4059,M,nazwisko,0.06%,,,
Dubiel,4059,M,nazwisko,0.06%,,,
Misztal,4055,M,nazwisko,0.06%,,,
Staszewski,4053,M,nazwisko,0.06%,,,
Ruciński,4049,M,nazwisko,0.06%,,,
Gwóźdź,4049,M,nazwisko,0.06%,,,
Kuc,4041,M,nazwisko,0.06%,,,
Kapusta,4032,M,nazwisko,0.06%,,,
Malicki,4030,M,nazwisko,0.06%,,,
Bożek,4013,M,nazwisko,0.06%,,,
Siedlecki,4011,M,nazwisko,0.06%,,,
Biały,4001,M,nazwisko,0.06%,,,
Jankowiak,3999,M,nazwisko,0.06%,,,
Świerczyński,3990,M,nazwisko,0.06%,,,
Kępa,3984,M,nazwisko,0.06%,,,
Modzelewski,3976,M,nazwisko,0.06%,,,
Płonka,3975,M,nazwisko,0.06%,,,
Ciszewski,3974,M,nazwisko,0.06%,,,
Kuchta,3974,M,nazwisko,0.06%,,,
Andrzejczak,3971,M,nazwisko,0.06%,,,
Gałka,3965,M,nazwisko,0.06%,,,
Skóra,3959,M,nazwisko,0.06%,,,
Janusz,3956,M,nazwisko,0.06%,,,
Bieńkowski,3955,M,nazwisko,0.06%,,,
Jurkowski,3952,M,nazwisko,0.06%,,,
Sieradzki,3950,M,nazwisko,0.06%,,,
Słowiński,3948,M,nazwisko,0.06%,,,
Sławiński,3947,M,nazwisko,0.06%,,,
Zwoliński,3943,M,nazwisko,0.06%,,,
Milczarek,3943,M,nazwisko,0.06%,,,
Kaczmarski,3940,M,nazwisko,0.06%,,,
Szczerba,3938,M,nazwisko,0.06%,,,
Stachura,3929,M,nazwisko,0.06%,,,
Pawlikowski,3925,M,nazwisko,0.06%,,,
Szyszka,3925,M,nazwisko,0.06%,,,
Sitek,3911,M,nazwisko,0.06%,,,
Sochacki,3905,M,nazwisko,0.06%,,,
Jezierski,3898,M,nazwisko,0.06%,,,
Rosa,3889,M,nazwisko,0.06%,,,
Stępniak,3884,M,nazwisko,0.06%,,,
Jackowski,3869,M,nazwisko,0.06%,,,
Kolasa,3855,M,nazwisko,0.06%,,,
Woś,3849,M,nazwisko,0.06%,,,
Broda,3847,M,nazwisko,0.06%,,,
Dudzik,3845,M,nazwisko,0.06%,,,
Lipka,3834,M,nazwisko,0.06%,,,
Chmura,3834,M,nazwisko,0.06%,,,
Mroczkowski,3830,M,nazwisko,0.06%,,,
Shevchenko,3826,M,nazwisko,0.06%,,,
Olczak,3815,M,nazwisko,0.06%,,,
Iwański,3812,M,nazwisko,0.06%,,,
Maślanka,3812,M,nazwisko,0.06%,,,
Noga,3812,M,nazwisko,0.06%,,,
Dec,3810,M,nazwisko,0.06%,,,
Majka,3805,M,nazwisko,0.06%,,,
Kwieciński,3801,M,nazwisko,0.06%,,,
Knapik,3796,M,nazwisko,0.06%,,,
Kogut,3795,M,nazwisko,0.06%,,,
Chojnowski,3781,M,nazwisko,0.06%,,,
Salamon,3777,M,nazwisko,0.06%,,,
Szatkowski,3768,M,nazwisko,0.06%,,,
Skalski,3767,M,nazwisko,0.06%,,,
Mańkowski,3757,M,nazwisko,0.06%,,,
Trzeciak,3754,M,nazwisko,0.06%,,,
Tokarz,3746,M,nazwisko,0.06%,,,
Dudziak,3738,M,nazwisko,0.06%,,,
Lenart,3736,M,nazwisko,0.06%,,,
Boiko,3735,M,nazwisko,0.06%,,,
Florczak,3732,M,nazwisko,0.06%,,,
Wyszyński,3731,M,nazwisko,0.06%,,,
Koza,3730,M,nazwisko,0.06%,,,
Dobrzyński,3728,M,nazwisko,0.06%,,,
Kowalczuk,3727,M,nazwisko,0.06%,,,
Kita,3725,M,nazwisko,0.06%,,,
Paszkowski,3725,M,nazwisko,0.06%,,,
Kobus,3711,M,nazwisko,0.06%,,,
Michalczyk,3706,M,nazwisko,0.06%,,,
Kołakowski,3704,M,nazwisko,0.06%,,,
Skowronek,3703,M,nazwisko,0.06%,,,
Stanisławski,3703,M,nazwisko,0.06%,,,
Zdunek,3702,M,nazwisko,0.06%,,,
Kos,3702,M,nazwisko,0.06%,,,
Buczyński,3700,M,nazwisko,0.06%,,,
Kruszewski,3700,M,nazwisko,0.06%,,,
Mrozek,3700,M,nazwisko,0.06%,,,
Molenda,3697,M,nazwisko,0.06%,,,
Włodarski,3690,M,nazwisko,0.06%,,,
Kotowski,3690,M,nazwisko,0.06%,,,
Januszewski,3683,M,nazwisko,0.06%,,,
Puchalski,3681,M,nazwisko,0.06%,,,
Kawa,3669,M,nazwisko,0.06%,,,
Kiełbasa,3656,M,nazwisko,0.06%,,,
Chudy,3637,M,nazwisko,0.06%,,,
Warchoł,3635,M,nazwisko,0.06%,,,
Żuk,3630,M,nazwisko,0.06%,,,
Ivanov,3629,M,nazwisko,0.06%,,,
Dominiak,3627,M,nazwisko,0.06%,,,
Grzesik,3624,M,nazwisko,0.06%,,,
Czechowski,3620,M,nazwisko,0.06%,,,
Moroz,3619,M,nazwisko,0.06%,,,
Robak,3611,M,nazwisko,0.06%,,,
Adamczak,3601,M,nazwisko,0.06%,,,
Prus,3598,M,nazwisko,0.06%,,,
Adamus,3597,M,nazwisko,0.06%,,,
Pilch,3596,M,nazwisko,0.06%,,,
Augustyn,3596,M,nazwisko,0.06%,,,
Piechota,3590,M,nazwisko,0.06%,,,
Wiącek,3582,M,nazwisko,0.05%,,,
Kłosowski,3573,M,nazwisko,0.05%,,,
Ryś,3564,M,nazwisko,0.05%,,,
Chudzik,3560,M,nazwisko,0.05%,,,
Maciąg,3559,M,nazwisko,0.05%,,,
Adamek,3554,M,nazwisko,0.05%,,,
Rudnik,3551,M,nazwisko,0.05%,,,
Surma,3547,M,nazwisko,0.05%,,,
Jagielski,3546,M,nazwisko,0.05%,,,
Jurczak,3537,M,nazwisko,0.05%,,,
Stolarski,3536,M,nazwisko,0.05%,,,
Bąkowski,3535,M,nazwisko,0.05%,,,
Rudziński,3533,M,nazwisko,0.05%,,,
Głogowski,3532,M,nazwisko,0.05%,,,
Koper,3531,M,nazwisko,0.05%,,,
Przybył,3530,M,nazwisko,0.05%,,,
Filipowicz,3526,M,nazwisko,0.05%,,,
Kalisz,3521,M,nazwisko,0.05%,,,
Malik,3519,M,nazwisko,0.05%,,,
Jarząbek,3519,M,nazwisko,0.05%,,,
Żyła,3518,M,nazwisko,0.05%,,,
Niedźwiecki,3518,M,nazwisko,0.05%,,,
Tomala,3511,M,nazwisko,0.05%,,,
Marchewka,3506,M,nazwisko,0.05%,,,
Moskal,3506,M,nazwisko,0.05%,,,
Dąbkowski,3504,M,nazwisko,0.05%,,,
Kasperek,3495,M,nazwisko,0.05%,,,
Kuźma,3494,M,nazwisko,0.05%,,,
Banasik,3494,M,nazwisko,0.05%,,,
Porębski,3493,M,nazwisko,0.05%,,,
Budzyński,3483,M,nazwisko,0.05%,,,
Stańczak,3476,M,nazwisko,0.05%,,,
Oleksy,3468,M,nazwisko,0.05%,,,
Furman,3462,M,nazwisko,0.05%,,,
Kopacz,3461,M,nazwisko,0.05%,,,
Gadomski,3447,M,nazwisko,0.05%,,,
Niemczyk,3445,M,nazwisko,0.05%,,,
Gorczyca,3444,M,nazwisko,0.05%,,,
Piłat,3442,M,nazwisko,0.05%,,,
Sołtysiak,3437,M,nazwisko,0.05%,,,
Kaniewski,3436,M,nazwisko,0.05%,,,
Roman,3428,M,nazwisko,0.05%,,,
Tracz,3427,M,nazwisko,0.05%,,,
Buczkowski,3427,M,nazwisko,0.05%,,,
Wypych,3417,M,nazwisko,0.05%,,,
Ziętek,3415,M,nazwisko,0.05%,,,
Jaros,3413,M,nazwisko,0.05%,,,
Miśkiewicz,3412,M,nazwisko,0.05%,,,
Golec,3388,M,nazwisko,0.05%,,,
Bartnik,3386,M,nazwisko,0.05%,,,
Szeląg,3380,M,nazwisko,0.05%,,,
Korzeniowski,3379,M,nazwisko,0.05%,,,
Sojka,3376,M,nazwisko,0.05%,,,
Szymkowiak,3375,M,nazwisko,0.05%,,,
Kuciński,3373,M,nazwisko,0.05%,,,
Drabik,3371,M,nazwisko,0.05%,,,
Stachurski,3356,M,nazwisko,0.05%,,,
Panasiuk,3355,M,nazwisko,0.05%,,,
Kruczek,3352,M,nazwisko,0.05%,,,
Woliński,3338,M,nazwisko,0.05%,,,
Trela,3336,M,nazwisko,0.05%,,,
Balcerzak,3334,M,nazwisko,0.05%,,,
Ossowski,3330,M,nazwisko,0.05%,,,
Pelc,3328,M,nazwisko,0.05%,,,
Zabłocki,3328,M,nazwisko,0.05%,,,
Stachowicz,3327,M,nazwisko,0.05%,,,
Magiera,3326,M,nazwisko,0.05%,,,
Błaszczak,3324,M,nazwisko,0.05%,,,
Piotrowicz,3324,M,nazwisko,0.05%,,,
Kujawski,3323,M,nazwisko,0.05%,,,
Adamiak,3316,M,nazwisko,0.05%,,,
Warzecha,3316,M,nazwisko,0.05%,,,
Radecki,3309,M,nazwisko,0.05%,,,
Budziński,3308,M,nazwisko,0.05%,,,
Ślęzak,3305,M,nazwisko,0.05%,,,
Szuba,3305,M,nazwisko,0.05%,,,
Sęk,3304,M,nazwisko,0.05%,,,
Rybarczyk,3304,M,nazwisko,0.05%,,,
Jurczyk,3304,M,nazwisko,0.05%,,,
Bielski,3297,M,nazwisko,0.05%,,,
Pietruszka,3292,M,nazwisko,0.05%,,,
Dróżdż,3292,M,nazwisko,0.05%,,,
Frątczak,3289,M,nazwisko,0.05%,,,
Lesiak,3288,M,nazwisko,0.05%,,,
Kozik,3282,M,nazwisko,0.05%,,,
Głąb,3280,M,nazwisko,0.05%,,,
Herman,3278,M,nazwisko,0.05%,,,
Białkowski,3276,M,nazwisko,0.05%,,,
Rudzki,3276,M,nazwisko,0.05%,,,
Kuliński,3270,M,nazwisko,0.05%,,,
Mierzwa,3269,M,nazwisko,0.05%,,,
Kmieć,3267,M,nazwisko,0.05%,,,
Kovalenko,3259,M,nazwisko,0.05%,,,
Bondarenko,3257,M,nazwisko,0.05%,,,
Shevchuk,3257,M,nazwisko,0.05%,,,
Krakowski,3257,M,nazwisko,0.05%,,,
Niedzielski,3255,M,nazwisko,0.05%,,,
Kostecki,3249,M,nazwisko,0.05%,,,
Tomasik,3246,M,nazwisko,0.05%,,,
Świder,3244,M,nazwisko,0.05%,,,
Miller,3243,M,nazwisko,0.05%,,,
Zimny,3242,M,nazwisko,0.05%,,,
Bieliński,3239,M,nazwisko,0.05%,,,
Kosowski,3233,M,nazwisko,0.05%,,,
Sobota,3232,M,nazwisko,0.05%,,,
Woźnica,3230,M,nazwisko,0.05%,,,
Adamowicz,3224,M,nazwisko,0.05%,,,
Skorupa,3220,M,nazwisko,0.05%,,,
Pełka,3216,M,nazwisko,0.05%,,,
Olczyk,3216,M,nazwisko,0.05%,,,
Banaszek,3214,M,nazwisko,0.05%,,,
Gut,3214,M,nazwisko,0.05%,,,
Polański,3210,M,nazwisko,0.05%,,,
Nguyen,3209,M,nazwisko,0.05%,,,
Stawicki,3205,M,nazwisko,0.05%,,,
Grudzień,3201,M,nazwisko,0.05%,,,
Wołoszyn,3201,M,nazwisko,0.05%,,,
Pawlicki,3192,M,nazwisko,0.05%,,,
Sobański,3185,M,nazwisko,0.05%,,,
Grześkowiak,3182,M,nazwisko,0.05%,,,
Urbanek,3179,M,nazwisko,0.05%,,,
Wojtasik,3178,M,nazwisko,0.05%,,,
Sekuła,3177,M,nazwisko,0.05%,,,
Pogorzelski,3177,M,nazwisko,0.05%,,,
Piwowarski,3161,M,nazwisko,0.05%,,,
Koval,3155,M,nazwisko,0.05%,,,
Czekaj,3155,M,nazwisko,0.05%,,,
Śmigielski,3154,M,nazwisko,0.05%,,,
Kawecki,3148,M,nazwisko,0.05%,,,
Tokarczyk,3147,M,nazwisko,0.05%,,,
Borys,3144,M,nazwisko,0.05%,,,
Bogacz,3132,M,nazwisko,0.05%,,,
Kędzior,3119,M,nazwisko,0.05%,,,
Litwin,3115,M,nazwisko,0.05%,,,
Lorenc,3111,M,nazwisko,0.05%,,,
Liszka,3110,M,nazwisko,0.05%,,,
Wojtkowiak,3109,M,nazwisko,0.05%,,,
Piętka,3108,M,nazwisko,0.05%,,,
Urbanowicz,3107,M,nazwisko,0.05%,,,
Szwarc,3095,M,nazwisko,0.05%,,,
Knap,3095,M,nazwisko,0.05%,,,
Żuchowski,3094,M,nazwisko,0.05%,,,
Gacek,3093,M,nazwisko,0.05%,,,
Świątkowski,3091,M,nazwisko,0.05%,,,
Juszczyk,3090,M,nazwisko,0.05%,,,
Czerniak,3089,M,nazwisko,0.05%,,,
Biskup,3074,M,nazwisko,0.05%,,,
Szarek,3066,M,nazwisko,0.05%,,,
Makuch,3062,M,nazwisko,0.05%,,,
Szot,3055,M,nazwisko,0.05%,,,
Wiśniowski,3053,M,nazwisko,0.05%,,,
Grudziński,3052,M,nazwisko,0.05%,,,
Roszkowski,3052,M,nazwisko,0.05%,,,
Kukla,3050,M,nazwisko,0.05%,,,
Krasowski,3047,M,nazwisko,0.05%,,,
Izdebski,3044,M,nazwisko,0.05%,,,
Napierała,3043,M,nazwisko,0.05%,,,
Studziński,3040,M,nazwisko,0.05%,,,
Ratajczyk,3038,M,nazwisko,0.05%,,,
Karcz,3033,M,nazwisko,0.05%,,,
Krukowski,3028,M,nazwisko,0.05%,,,
Kawka,3026,M,nazwisko,0.05%,,,
Kwiatek,3025,M,nazwisko,0.05%,,,
Semeniuk,3016,M,nazwisko,0.05%,,,
Śledź,3016,M,nazwisko,0.05%,,,
Rybka,3010,M,nazwisko,0.05%,,,
Mackiewicz,3009,M,nazwisko,0.05%,,,
Nguyễn,3002,M,nazwisko,0.05%,,,
Kusiak,2997,M,nazwisko,0.05%,,,
Jakubczyk,2993,M,nazwisko,0.05%,,,
Jóźwik,2989,M,nazwisko,0.05%,,,
Siwiec,2987,M,nazwisko,0.05%,,,
Roszak,2973,M,nazwisko,0.05%,,,
Paprocki,2970,M,nazwisko,0.05%,,,
Łukaszewicz,2969,M,nazwisko,0.05%,,,
Maziarz,2969,M,nazwisko,0.05%,,,
Mańka,2967,M,nazwisko,0.05%,,,
Duszyński,2958,M,nazwisko,0.05%,,,
Rożek,2949,M,nazwisko,0.05%,,,
Bobrowski,2948,M,nazwisko,0.05%,,,
Filip,2945,M,nazwisko,0.05%,,,
Reszka,2941,M,nazwisko,0.05%,,,
Jeziorski,2941,M,nazwisko,0.05%,,,
Tkachenko,2939,M,nazwisko,0.05%,,,
Grzybek,2934,M,nazwisko,0.05%,,,
Aleksandrowicz,2933,M,nazwisko,0.04%,,,
Szkudlarek,2932,M,nazwisko,0.04%,,,
Kraszewski,2932,M,nazwisko,0.04%,,,
Wach,2930,M,nazwisko,0.04%,,,
Sidor,2924,M,nazwisko,0.04%,,,
Wojda,2918,M,nazwisko,0.04%,,,
Werner,2917,M,nazwisko,0.04%,,,
Tkacz,2916,M,nazwisko,0.04%,,,
Korczak,2899,M,nazwisko,0.04%,,,
Smoleń,2898,M,nazwisko,0.04%,,,
Mielcarek,2895,M,nazwisko,0.04%,,,
Turowski,2894,M,nazwisko,0.04%,,,
Hoffmann,2894,M,nazwisko,0.04%,,,
Grodzki,2893,M,nazwisko,0.04%,,,
Rusek,2892,M,nazwisko,0.04%,,,
Małkowski,2891,M,nazwisko,0.04%,,,
Szeliga,2887,M,nazwisko,0.04%,,,
Wrzesiński,2885,M,nazwisko,0.04%,,,
Śpiewak,2885,M,nazwisko,0.04%,,,
Singh,2885,M,nazwisko,0.04%,,,
Drożdż,2876,M,nazwisko,0.04%,,,
Wajda,2870,M,nazwisko,0.04%,,,
Królak,2864,M,nazwisko,0.04%,,,
Szczurek,2862,M,nazwisko,0.04%,,,
Piech,2861,M,nazwisko,0.04%,,,
Kępka,2861,M,nazwisko,0.04%,,,
Niedziela,2859,M,nazwisko,0.04%,,,
Kulpa,2857,M,nazwisko,0.04%,,,
Pękala,2851,M,nazwisko,0.04%,,,
Staszak,2847,M,nazwisko,0.04%,,,
Kruszyński,2845,M,nazwisko,0.04%,,,
Schmidt,2842,M,nazwisko,0.04%,,,
Olech,2838,M,nazwisko,0.04%,,,
Szopa,2835,M,nazwisko,0.04%,,,
Korzeniewski,2834,M,nazwisko,0.04%,,,
Majkowski,2831,M,nazwisko,0.04%,,,
Gąsiorek,2829,M,nazwisko,0.04%,,,
Bugajski,2829,M,nazwisko,0.04%,,,
Rzepecki,2825,M,nazwisko,0.04%,,,
Plichta,2824,M,nazwisko,0.04%,,,
Szymanek,2821,M,nazwisko,0.04%,,,
Lewiński,2819,M,nazwisko,0.04%,,,
Grabarczyk,2817,M,nazwisko,0.04%,,,
Suski,2814,M,nazwisko,0.04%,,,
Gola,2812,M,nazwisko,0.04%,,,
Oliinyk,2811,M,nazwisko,0.04%,,,
Perkowski,2804,M,nazwisko,0.04%,,,
Lipiec,2800,M,nazwisko,0.04%,,,
Bartoszek,2800,M,nazwisko,0.04%,,,
Skonieczny,2795,M,nazwisko,0.04%,,,
Rodak,2795,M,nazwisko,0.04%,,,
Kosmala,2794,M,nazwisko,0.04%,,,
Jakubiec,2790,M,nazwisko,0.04%,,,
Lange,2790,M,nazwisko,0.04%,,,
Kapuściński,2788,M,nazwisko,0.04%,,,
Bogdański,2785,M,nazwisko,0.04%,,,
Radziszewski,2782,M,nazwisko,0.04%,,,
Rogoziński,2772,M,nazwisko,0.04%,,,
Orzeł,2763,M,nazwisko,0.04%,,,
Wojtowicz,2761,M,nazwisko,0.04%,,,
Kurzawa,2761,M,nazwisko,0.04%,,,
Kupiec,2761,M,nazwisko,0.04%,,,
Kokoszka,2756,M,nazwisko,0.04%,,,
Olszak,2753,M,nazwisko,0.04%,,,
Piszczek,2751,M,nazwisko,0.04%,,,
Wasielewski,2750,M,nazwisko,0.04%,,,
Sułkowski,2748,M,nazwisko,0.04%,,,
Wrzosek,2745,M,nazwisko,0.04%,,,
Suchecki,2743,M,nazwisko,0.04%,,,
Pisarek,2741,M,nazwisko,0.04%,,,
Szpak,2739,M,nazwisko,0.04%,,,
Raczkowski,2737,M,nazwisko,0.04%,,,
Rokicki,2730,M,nazwisko,0.04%,,,
Kozakiewicz,2730,M,nazwisko,0.04%,,,
Paszkiewicz,2729,M,nazwisko,0.04%,,,
Goliński,2726,M,nazwisko,0.04%,,,
Dymek,2724,M,nazwisko,0.04%,,,
Kaźmierski,2724,M,nazwisko,0.04%,,,
Tkachuk,2724,M,nazwisko,0.04%,,,
Róg,2724,M,nazwisko,0.04%,,,
Jaskulski,2721,M,nazwisko,0.04%,,,
Ożóg,2718,M,nazwisko,0.04%,,,
Wielgus,2717,M,nazwisko,0.04%,,,
Kawalec,2714,M,nazwisko,0.04%,,,
Kokot,2711,M,nazwisko,0.04%,,,
Martyniuk,2710,M,nazwisko,0.04%,,,
Gołąbek,2706,M,nazwisko,0.04%,,,
Janczak,2706,M,nazwisko,0.04%,,,
Gładysz,2703,M,nazwisko,0.04%,,,
Biela,2698,M,nazwisko,0.04%,,,
Wyrzykowski,2697,M,nazwisko,0.04%,,,
Zapała,2694,M,nazwisko,0.04%,,,
Stokłosa,2692,M,nazwisko,0.04%,,,
Burda,2690,M,nazwisko,0.04%,,,
Gruca,2690,M,nazwisko,0.04%,,,
Banaszak,2688,M,nazwisko,0.04%,,,
Osowski,2687,M,nazwisko,0.04%,,,
Adamiec,2687,M,nazwisko,0.04%,,,
Chrobak,2686,M,nazwisko,0.04%,,,
Wojtaszek,2685,M,nazwisko,0.04%,,,
Koprowski,2684,M,nazwisko,0.04%,,,
Białecki,2684,M,nazwisko,0.04%,,,
Plewa,2682,M,nazwisko,0.04%,,,
Sudoł,2681,M,nazwisko,0.04%,,,
Potocki,2679,M,nazwisko,0.04%,,,
Świerczek,2674,M,nazwisko,0.04%,,,
Mach,2674,M,nazwisko,0.04%,,,
Brodowski,2673,M,nazwisko,0.04%,,,
Barszcz,2673,M,nazwisko,0.04%,,,
Brzeski,2670,M,nazwisko,0.04%,,,
Bugaj,2670,M,nazwisko,0.04%,,,
Garbacz,2665,M,nazwisko,0.04%,,,
Romański,2664,M,nazwisko,0.04%,,,
Lasek,2660,M,nazwisko,0.04%,,,
Konarski,2656,M,nazwisko,0.04%,,,
Bojarski,2656,M,nazwisko,0.04%,,,
Szymanowski,2655,M,nazwisko,0.04%,,,
Solecki,2652,M,nazwisko,0.04%,,,
Lorek,2650,M,nazwisko,0.04%,,,
Pierzchała,2645,M,nazwisko,0.04%,,,
Matusik,2642,M,nazwisko,0.04%,,,
Smolarek,2640,M,nazwisko,0.04%,,,
Kravchenko,2639,M,nazwisko,0.04%,,,
Nowiński,2638,M,nazwisko,0.04%,,,
Jamróz,2634,M,nazwisko,0.04%,,,
Kaliński,2631,M,nazwisko,0.04%,,,
Balicki,2627,M,nazwisko,0.04%,,,
Mączka,2625,M,nazwisko,0.04%,,,
Karolak,2625,M,nazwisko,0.04%,,,
Szczygielski,2624,M,nazwisko,0.04%,,,
Kostka,2624,M,nazwisko,0.04%,,,
Surowiec,2623,M,nazwisko,0.04%,,,
Płatek,2619,M,nazwisko,0.04%,,,
Kochański,2618,M,nazwisko,0.04%,,,
Waszkiewicz,2617,M,nazwisko,0.04%,,,
Biliński,2613,M,nazwisko,0.04%,,,
Piskorz,2602,M,nazwisko,0.04%,,,
Czarnota,2600,M,nazwisko,0.04%,,,
Gabryś,2595,M,nazwisko,0.04%,,,
Sala,2591,M,nazwisko,0.04%,,,
Puchała,2591,M,nazwisko,0.04%,,,
Piechocki,2591,M,nazwisko,0.04%,,,
Świtała,2590,M,nazwisko,0.04%,,,
Bernat,2589,M,nazwisko,0.04%,,,
Łach,2588,M,nazwisko,0.04%,,,
Włoch,2586,M,nazwisko,0.04%,,,
Traczyk,2586,M,nazwisko,0.04%,,,
Paszek,2582,M,nazwisko,0.04%,,,
Biel,2579,M,nazwisko,0.04%,,,
Wagner,2578,M,nazwisko,0.04%,,,
Kolasiński,2577,M,nazwisko,0.04%,,,
Wójciak,2577,M,nazwisko,0.04%,,,
Ambroziak,2576,M,nazwisko,0.04%,,,
Dzikowski,2564,M,nazwisko,0.04%,,,
Walczyk,2560,M,nazwisko,0.04%,,,
Pasek,2559,M,nazwisko,0.04%,,,
Weber,2555,M,nazwisko,0.04%,,,
Baron,2552,M,nazwisko,0.04%,,,
Mądry,2552,M,nazwisko,0.04%,,,
Stencel,2550,M,nazwisko,0.04%,,,
Zborowski,2546,M,nazwisko,0.04%,,,
Okoń,2545,M,nazwisko,0.04%,,,
Kempa,2545,M,nazwisko,0.04%,,,
Szymaniak,2541,M,nazwisko,0.04%,,,
Bogdan,2541,M,nazwisko,0.04%,,,
Wdowiak,2541,M,nazwisko,0.04%,,,
Pięta,2539,M,nazwisko,0.04%,,,
Zawistowski,2538,M,nazwisko,0.04%,,,
Skwarek,2538,M,nazwisko,0.04%,,,
Krauze,2538,M,nazwisko,0.04%,,,
Błoński,2537,M,nazwisko,0.04%,,,
Dolata,2536,M,nazwisko,0.04%,,,
Osuch,2535,M,nazwisko,0.04%,,,
Burek,2534,M,nazwisko,0.04%,,,
Cichosz,2532,M,nazwisko,0.04%,,,
Bator,2530,M,nazwisko,0.04%,,,
Grela,2528,M,nazwisko,0.04%,,,
Adamczewski,2527,M,nazwisko,0.04%,,,
Oleś,2526,M,nazwisko,0.04%,,,
Ogórek,2526,M,nazwisko,0.04%,,,
Franczak,2524,M,nazwisko,0.04%,,,
Kozyra,2521,M,nazwisko,0.04%,,,
Stachowski,2516,M,nazwisko,0.04%,,,
Wachowiak,2515,M,nazwisko,0.04%,,,
Figura,2512,M,nazwisko,0.04%,,,
Jaroszewski,2511,M,nazwisko,0.04%,,,
Wielgosz,2511,M,nazwisko,0.04%,,,
Ozga,2511,M,nazwisko,0.04%,,,
Zarębski,2507,M,nazwisko,0.04%,,,
Wąsowski,2507,M,nazwisko,0.04%,,,
Gazda,2507,M,nazwisko,0.04%,,,
Dziura,2502,M,nazwisko,0.04%,,,
Modrzejewski,2498,M,nazwisko,0.04%,,,
Doliński,2498,M,nazwisko,0.04%,,,
Nowak,100319,K,nazwisko,1.51%,,,
Kowalska,67723,K,nazwisko,1.02%,,,
Wiśniewska,54420,K,nazwisko,0.82%,,,
Wójcik,48830,K,nazwisko,0.74%,,,
Kowalczyk,48449,K,nazwisko,0.73%,,,
Kamińska,46916,K,nazwisko,0.71%,,,
Lewandowska,46496,K,nazwisko,0.70%,,,
Zielińska,44797,K,nazwisko,0.67%,,,
Szymańska,43699,K,nazwisko,0.66%,,,
Dąbrowska,43557,K,nazwisko,0.66%,,,
Woźniak,43310,K,nazwisko,0.65%,,,
Kozłowska,37053,K,nazwisko,0.56%,,,
Mazur,35269,K,nazwisko,0.53%,,,
Jankowska,34019,K,nazwisko,0.51%,,,
Kwiatkowska,33030,K,nazwisko,0.50%,,,
Wojciechowska,32744,K,nazwisko,0.49%,,,
Krawczyk,31489,K,nazwisko,0.47%,,,
Kaczmarek,30443,K,nazwisko,0.46%,,,
Piotrowska,30198,K,nazwisko,0.45%,,,
Grabowska,28894,K,nazwisko,0.44%,,,
Pawłowska,27464,K,nazwisko,0.41%,,,
Król,27037,K,nazwisko,0.41%,,,
Michalska,27011,K,nazwisko,0.41%,,,
Zając,26686,K,nazwisko,0.40%,,,
Wieczorek,24974,K,nazwisko,0.38%,,,
Jabłońska,24879,K,nazwisko,0.37%,,,
Wróbel,24547,K,nazwisko,0.37%,,,
Nowakowska,24477,K,nazwisko,0.37%,,,
Majewska,24310,K,nazwisko,0.37%,,,
Olszewska,23692,K,nazwisko,0.36%,,,
Adamczyk,23359,K,nazwisko,0.35%,,,
Jaworska,23348,K,nazwisko,0.35%,,,
Malinowska,23168,K,nazwisko,0.35%,,,
Stępień,22911,K,nazwisko,0.34%,,,
Dudek,22696,K,nazwisko,0.34%,,,
Górska,22581,K,nazwisko,0.34%,,,
Nowicka,22378,K,nazwisko,0.34%,,,
Witkowska,21997,K,nazwisko,0.33%,,,
Pawlak,21846,K,nazwisko,0.33%,,,
Sikora,21836,K,nazwisko,0.33%,,,
Walczak,21540,K,nazwisko,0.32%,,,
Rutkowska,21533,K,nazwisko,0.32%,,,
Michalak,20944,K,nazwisko,0.32%,,,
Ostrowska,20738,K,nazwisko,0.31%,,,
Szewczyk,20722,K,nazwisko,0.31%,,,
Baran,20312,K,nazwisko,0.31%,,,
Tomaszewska,19828,K,nazwisko,0.30%,,,
Zalewska,19381,K,nazwisko,0.29%,,,
Wróblewska,19295,K,nazwisko,0.29%,,,
Pietrzak,19256,K,nazwisko,0.29%,,,
Jasińska,19016,K,nazwisko,0.29%,,,
Marciniak,18898,K,nazwisko,0.28%,,,
Jakubowska,18667,K,nazwisko,0.28%,,,
Sadowska,18659,K,nazwisko,0.28%,,,
Zawadzka,18466,K,nazwisko,0.28%,,,
Duda,18375,K,nazwisko,0.28%,,,
Chmielewska,17627,K,nazwisko,0.27%,,,
Włodarczyk,17627,K,nazwisko,0.27%,,,
Borkowska,17558,K,nazwisko,0.26%,,,
Bąk,17490,K,nazwisko,0.26%,,,
Wilk,17282,K,nazwisko,0.26%,,,
Sokołowska,17141,K,nazwisko,0.26%,,,
Szczepańska,16857,K,nazwisko,0.25%,,,
Sawicka,16676,K,nazwisko,0.25%,,,
Lis,16550,K,nazwisko,0.25%,,,
Kucharska,16190,K,nazwisko,0.24%,,,
Kalinowska,15998,K,nazwisko,0.24%,,,
Mazurek,15911,K,nazwisko,0.24%,,,
Maciejewska,15892,K,nazwisko,0.24%,,,
Kubiak,15848,K,nazwisko,0.24%,,,
Wysocka,15813,K,nazwisko,0.24%,,,
Kołodziej,15264,K,nazwisko,0.23%,,,
Czarnecka,15100,K,nazwisko,0.23%,,,
Kaźmierczak,14909,K,nazwisko,0.22%,,,
Urbańska,14187,K,nazwisko,0.21%,,,
Krupa,14083,K,nazwisko,0.21%,,,
Sobczak,13982,K,nazwisko,0.21%,,,
Sikorska,13955,K,nazwisko,0.21%,,,
Głowacka,13927,K,nazwisko,0.21%,,,
Krajewska,13916,K,nazwisko,0.21%,,,
Zakrzewska,13796,K,nazwisko,0.21%,,,
Kozak,13606,K,nazwisko,0.20%,,,
Ziółkowska,13593,K,nazwisko,0.20%,,,
Laskowska,13563,K,nazwisko,0.20%,,,
Wasilewska,13559,K,nazwisko,0.20%,,,
Gajewska,13414,K,nazwisko,0.20%,,,
Mróz,13389,K,nazwisko,0.20%,,,
Szulc,13350,K,nazwisko,0.20%,,,
Makowska,13313,K,nazwisko,0.20%,,,
Kaczmarczyk,13105,K,nazwisko,0.20%,,,
Brzezińska,13100,K,nazwisko,0.20%,,,
Przybylska,13085,K,nazwisko,0.20%,,,
Baranowska,13025,K,nazwisko,0.20%,,,
Szymczak,12918,K,nazwisko,0.19%,,,
Adamska,12853,K,nazwisko,0.19%,,,
Błaszczyk,12751,K,nazwisko,0.19%,,,
Borowska,12700,K,nazwisko,0.19%,,,
Górecka,12596,K,nazwisko,0.19%,,,
Kania,12579,K,nazwisko,0.19%,,,
Szczepaniak,12578,K,nazwisko,0.19%,,,
Leszczyńska,12518,K,nazwisko,0.19%,,,
Janik,12518,K,nazwisko,0.19%,,,
Chojnacka,12387,K,nazwisko,0.19%,,,
Czerwińska,12363,K,nazwisko,0.19%,,,
Lipińska,12279,K,nazwisko,0.18%,,,
Wesołowska,12261,K,nazwisko,0.18%,,,
Mikołajczyk,12252,K,nazwisko,0.18%,,,
Andrzejewska,12222,K,nazwisko,0.18%,,,
Kowalewska,12195,K,nazwisko,0.18%,,,
Mucha,12005,K,nazwisko,0.18%,,,
Jarosz,11849,K,nazwisko,0.18%,,,
Zięba,11841,K,nazwisko,0.18%,,,
Cieślak,11807,K,nazwisko,0.18%,,,
Markowska,11744,K,nazwisko,0.18%,,,
Konieczna,11730,K,nazwisko,0.18%,,,
Kołodziejczyk,11674,K,nazwisko,0.18%,,,
Kowalik,11667,K,nazwisko,0.18%,,,
Kozioł,11640,K,nazwisko,0.18%,,,
Musiał,11445,K,nazwisko,0.17%,,,
Brzozowska,11414,K,nazwisko,0.17%,,,
Domańska,11284,K,nazwisko,0.17%,,,
Orłowska,11142,K,nazwisko,0.17%,,,
Kruk,11086,K,nazwisko,0.17%,,,
Tomczyk,11083,K,nazwisko,0.17%,,,
Nowacka,11059,K,nazwisko,0.17%,,,
Pawlik,11054,K,nazwisko,0.17%,,,
Piątek,11017,K,nazwisko,0.17%,,,
Tomczak,10974,K,nazwisko,0.17%,,,
Kopeć,10970,K,nazwisko,0.17%,,,
Kot,10928,K,nazwisko,0.16%,,,
Kurek,10923,K,nazwisko,0.16%,,,
Żak,10920,K,nazwisko,0.16%,,,
Markiewicz,10852,K,nazwisko,0.16%,,,
Polak,10837,K,nazwisko,0.16%,,,
Ciesielska,10822,K,nazwisko,0.16%,,,
Wawrzyniak,10787,K,nazwisko,0.16%,,,
Wójtowicz,10739,K,nazwisko,0.16%,,,
Wolska,10718,K,nazwisko,0.16%,,,
Stankiewicz,10582,K,nazwisko,0.16%,,,
Jastrzębska,10308,K,nazwisko,0.16%,,,
Sowa,10262,K,nazwisko,0.15%,,,
Urbaniak,10183,K,nazwisko,0.15%,,,
Czajkowska,10140,K,nazwisko,0.15%,,,
Karpińska,10140,K,nazwisko,0.15%,,,
Klimek,10065,K,nazwisko,0.15%,,,
Stasiak,10059,K,nazwisko,0.15%,,,
Wierzbicka,10037,K,nazwisko,0.15%,,,
Piasecka,10014,K,nazwisko,0.15%,,,
Nawrocka,10000,K,nazwisko,0.15%,,,
Łuczak,9957,K,nazwisko,0.15%,,,
Dziedzic,9898,K,nazwisko,0.15%,,,
Sosnowska,9757,K,nazwisko,0.15%,,,
Bielecka,9751,K,nazwisko,0.15%,,,
Bednarek,9713,K,nazwisko,0.15%,,,
Milewska,9689,K,nazwisko,0.15%,,,
Janicka,9681,K,nazwisko,0.15%,,,
Gajda,9620,K,nazwisko,0.14%,,,
Stefańska,9601,K,nazwisko,0.14%,,,
Madej,9504,K,nazwisko,0.14%,,,
Leśniak,9387,K,nazwisko,0.14%,,,
Majchrzak,9372,K,nazwisko,0.14%,,,
Jóźwiak,9297,K,nazwisko,0.14%,,,
Maj,9274,K,nazwisko,0.14%,,,
Urban,9256,K,nazwisko,0.14%,,,
Kowal,9189,K,nazwisko,0.14%,,,
Śliwińska,9175,K,nazwisko,0.14%,,,
Skiba,9157,K,nazwisko,0.14%,,,
Małecka,9104,K,nazwisko,0.14%,,,
Bednarczyk,9098,K,nazwisko,0.14%,,,
Socha,9088,K,nazwisko,0.14%,,,
Dobrowolska,9022,K,nazwisko,0.14%,,,
Marek,8937,K,nazwisko,0.13%,,,
Michalik,8846,K,nazwisko,0.13%,,,
Romanowska,8827,K,nazwisko,0.13%,,,
Domagała,8748,K,nazwisko,0.13%,,,
Wrona,8710,K,nazwisko,0.13%,,,
Kasprzak,8699,K,nazwisko,0.13%,,,
Ratajczak,8695,K,nazwisko,0.13%,,,
Wilczyńska,8691,K,nazwisko,0.13%,,,
Matuszewska,8609,K,nazwisko,0.13%,,,
Rybak,8594,K,nazwisko,0.13%,,,
Orzechowska,8586,K,nazwisko,0.13%,,,
Świątek,8560,K,nazwisko,0.13%,,,
Olejniczak,8500,K,nazwisko,0.13%,,,
Pająk,8465,K,nazwisko,0.13%,,,
Bukowska,8432,K,nazwisko,0.13%,,,
Kurowska,8428,K,nazwisko,0.13%,,,
Sobolewska,8398,K,nazwisko,0.13%,,,
Mazurkiewicz,8322,K,nazwisko,0.13%,,,
Owczarek,8308,K,nazwisko,0.13%,,,
Łukasik,8269,K,nazwisko,0.12%,,,
Rogowska,8265,K,nazwisko,0.12%,,,
Olejnik,8237,K,nazwisko,0.12%,,,
Grzelak,8210,K,nazwisko,0.12%,,,
Kędzierska,8198,K,nazwisko,0.12%,,,
Barańska,8123,K,nazwisko,0.12%,,,
Kosińska,8108,K,nazwisko,0.12%,,,
Matusiak,8046,K,nazwisko,0.12%,,,
Sobczyk,7959,K,nazwisko,0.12%,,,
Skowrońska,7908,K,nazwisko,0.12%,,,
Marszałek,7891,K,nazwisko,0.12%,,,
Marcinkowska,7877,K,nazwisko,0.12%,,,
Zych,7837,K,nazwisko,0.12%,,,
Lisowska,7811,K,nazwisko,0.12%,,,
Bednarska,7800,K,nazwisko,0.12%,,,
Kuczyńska,7793,K,nazwisko,0.12%,,,
Bednarz,7779,K,nazwisko,0.12%,,,
Chrzanowska,7775,K,nazwisko,0.12%,,,
Świderska,7774,K,nazwisko,0.12%,,,
Sroka,7703,K,nazwisko,0.12%,,,
Kasprzyk,7646,K,nazwisko,0.12%,,,
Janiszewska,7645,K,nazwisko,0.12%,,,
Morawska,7638,K,nazwisko,0.11%,,,
Kozieł,7608,K,nazwisko,0.11%,,,
Chmiel,7576,K,nazwisko,0.11%,,,
Muszyńska,7565,K,nazwisko,0.11%,,,
Białek,7522,K,nazwisko,0.11%,,,
Małek,7492,K,nazwisko,0.11%,,,
Grzybowska,7449,K,nazwisko,0.11%,,,
Kwiecień,7443,K,nazwisko,0.11%,,,
Jędrzejewska,7418,K,nazwisko,0.11%,,,
Witek,7385,K,nazwisko,0.11%,,,
Marczak,7353,K,nazwisko,0.11%,,,
Krzemińska,7349,K,nazwisko,0.11%,,,
Turek,7334,K,nazwisko,0.11%,,,
Pluta,7326,K,nazwisko,0.11%,,,
Osińska,7306,K,nazwisko,0.11%,,,
Czajka,7299,K,nazwisko,0.11%,,,
Piekarska,7272,K,nazwisko,0.11%,,,
Czaja,7272,K,nazwisko,0.11%,,,
Paluch,7263,K,nazwisko,0.11%,,,
Kubicka,7237,K,nazwisko,0.11%,,,
Żukowska,7216,K,nazwisko,0.11%,,,
Marzec,7205,K,nazwisko,0.11%,,,
Czech,7195,K,nazwisko,0.11%,,,
Janowska,7193,K,nazwisko,0.11%,,,
Michałowska,7160,K,nazwisko,0.11%,,,
Biernacka,7141,K,nazwisko,0.11%,,,
Serafin,7101,K,nazwisko,0.11%,,,
Przybysz,7100,K,nazwisko,0.11%,,,
Szydłowska,7099,K,nazwisko,0.11%,,,
Gołębiewska,7091,K,nazwisko,0.11%,,,
Stefaniak,7079,K,nazwisko,0.11%,,,
Śliwa,7064,K,nazwisko,0.11%,,,
Staniszewska,7055,K,nazwisko,0.11%,,,
Kaczor,6998,K,nazwisko,0.11%,,,
Rudnicka,6985,K,nazwisko,0.11%,,,
Popławska,6981,K,nazwisko,0.11%,,,
Murawska,6979,K,nazwisko,0.11%,,,
Lech,6959,K,nazwisko,0.10%,,,
Lewicka,6946,K,nazwisko,0.10%,,,
Melnyk,6943,K,nazwisko,0.10%,,,
Kulesza,6938,K,nazwisko,0.10%,,,
Smolińska,6927,K,nazwisko,0.10%,,,
Kujawa,6915,K,nazwisko,0.10%,,,
Dębska,6910,K,nazwisko,0.10%,,,
Rak,6908,K,nazwisko,0.10%,,,
Góra,6896,K,nazwisko,0.10%,,,
Podgórska,6857,K,nazwisko,0.10%,,,
Stachowiak,6850,K,nazwisko,0.10%,,,
Kacprzak,6850,K,nazwisko,0.10%,,,
Piątkowska,6824,K,nazwisko,0.10%,,,
Cieślik,6810,K,nazwisko,0.10%,,,
Banach,6803,K,nazwisko,0.10%,,,
Pietrzyk,6789,K,nazwisko,0.10%,,,
Matysiak,6706,K,nazwisko,0.10%,,,
Sowińska,6692,K,nazwisko,0.10%,,,
Niemiec,6683,K,nazwisko,0.10%,,,
Rosińska,6682,K,nazwisko,0.10%,,,
Banaś,6679,K,nazwisko,0.10%,,,
Karczewska,6673,K,nazwisko,0.10%,,,
Drozd,6638,K,nazwisko,0.10%,,,
Gołębiowska,6609,K,nazwisko,0.10%,,,
Klimczak,6608,K,nazwisko,0.10%,,,
Żurawska,6586,K,nazwisko,0.10%,,,
Zawada,6572,K,nazwisko,0.10%,,,
Godlewska,6571,K,nazwisko,0.10%,,,
Żurek,6555,K,nazwisko,0.10%,,,
Augustyniak,6513,K,nazwisko,0.10%,,,
Bieniek,6509,K,nazwisko,0.10%,,,
Czyż,6487,K,nazwisko,0.10%,,,
Komorowska,6481,K,nazwisko,0.10%,,,
Skrzypczak,6420,K,nazwisko,0.10%,,,
Grochowska,6398,K,nazwisko,0.10%,,,
Gruszka,6363,K,nazwisko,0.10%,,,
Kuś,6361,K,nazwisko,0.10%,,,
Winiarska,6347,K,nazwisko,0.10%,,,
Różańska,6328,K,nazwisko,0.10%,,,
Górka,6327,K,nazwisko,0.10%,,,
Szczęsna,6313,K,nazwisko,0.10%,,,
Kulik,6295,K,nazwisko,0.09%,,,
Przybyła,6294,K,nazwisko,0.09%,,,
Cybulska,6264,K,nazwisko,0.09%,,,
Krawiec,6237,K,nazwisko,0.09%,,,
Zaremba,6229,K,nazwisko,0.09%,,,
Leśniewska,6227,K,nazwisko,0.09%,,,
Konopka,6183,K,nazwisko,0.09%,,,
Ptak,6176,K,nazwisko,0.09%,,,
Panek,6153,K,nazwisko,0.09%,,,
Słowik,6139,K,nazwisko,0.09%,,,
Gil,6133,K,nazwisko,0.09%,,,
Krzyżanowska,6116,K,nazwisko,0.09%,,,
Mikołajczak,6100,K,nazwisko,0.09%,,,
Cichocka,6086,K,nazwisko,0.09%,,,
Cichoń,6079,K,nazwisko,0.09%,,,
Tokarska,6074,K,nazwisko,0.09%,,,
Szczepanik,6035,K,nazwisko,0.09%,,,
Siwek,5997,K,nazwisko,0.09%,,,
Mielczarek,5984,K,nazwisko,0.09%,,,
Zarzycka,5948,K,nazwisko,0.09%,,,
Graczyk,5914,K,nazwisko,0.09%,,,
Szymczyk,5905,K,nazwisko,0.09%,,,
Młynarczyk,5896,K,nazwisko,0.09%,,,
Strzelecka,5895,K,nazwisko,0.09%,,,
Bartkowiak,5894,K,nazwisko,0.09%,,,
Buczek,5883,K,nazwisko,0.09%,,,
Kłos,5863,K,nazwisko,0.09%,,,
Stańczyk,5856,K,nazwisko,0.09%,,,
Maćkowiak,5835,K,nazwisko,0.09%,,,
Kaczyńska,5828,K,nazwisko,0.09%,,,
Szczygieł,5805,K,nazwisko,0.09%,,,
Kostrzewa,5800,K,nazwisko,0.09%,,,
Biernat,5789,K,nazwisko,0.09%,,,
Janiak,5788,K,nazwisko,0.09%,,,
Szostak,5775,K,nazwisko,0.09%,,,
Janus,5774,K,nazwisko,0.09%,,,
Węgrzyn,5754,K,nazwisko,0.09%,,,
Sienkiewicz,5749,K,nazwisko,0.09%,,,
Niewiadomska,5743,K,nazwisko,0.09%,,,
Grzyb,5731,K,nazwisko,0.09%,,,
Filipiak,5722,K,nazwisko,0.09%,,,
Skowron,5700,K,nazwisko,0.09%,,,
Kucharczyk,5699,K,nazwisko,0.09%,,,
Kaleta,5678,K,nazwisko,0.09%,,,
Górna,5666,K,nazwisko,0.09%,,,
Bogusz,5652,K,nazwisko,0.09%,,,
Rakowska,5645,K,nazwisko,0.08%,,,
Gawron,5632,K,nazwisko,0.08%,,,
Kubik,5624,K,nazwisko,0.08%,,,
Książek,5617,K,nazwisko,0.08%,,,
Jurek,5615,K,nazwisko,0.08%,,,
Bagińska,5596,K,nazwisko,0.08%,,,
Cieśla,5593,K,nazwisko,0.08%,,,
Antczak,5576,K,nazwisko,0.08%,,,
Bartczak,5565,K,nazwisko,0.08%,,,
Żebrowska,5556,K,nazwisko,0.08%,,,
Banasiak,5551,K,nazwisko,0.08%,,,
Gąsior,5546,K,nazwisko,0.08%,,,
Różycka,5533,K,nazwisko,0.08%,,,
Gawlik,5531,K,nazwisko,0.08%,,,
Mikulska,5508,K,nazwisko,0.08%,,,
Królikowska,5508,K,nazwisko,0.08%,,,
Zaręba,5462,K,nazwisko,0.08%,,,
Trzcińska,5447,K,nazwisko,0.08%,,,
Hajduk,5446,K,nazwisko,0.08%,,,
Rogalska,5434,K,nazwisko,0.08%,,,
Kula,5421,K,nazwisko,0.08%,,,
Frączek,5394,K,nazwisko,0.08%,,,
Rzepka,5393,K,nazwisko,0.08%,,,
Długosz,5378,K,nazwisko,0.08%,,,
Grzegorczyk,5365,K,nazwisko,0.08%,,,
Rojek,5354,K,nazwisko,0.08%,,,
Malec,5350,K,nazwisko,0.08%,,,
Rogala,5342,K,nazwisko,0.08%,,,
Radomska,5332,K,nazwisko,0.08%,,,
Maliszewska,5327,K,nazwisko,0.08%,,,
Pałka,5306,K,nazwisko,0.08%,,,
Dobosz,5305,K,nazwisko,0.08%,,,
Trojanowska,5304,K,nazwisko,0.08%,,,
Gawrońska,5290,K,nazwisko,0.08%,,,
Witczak,5274,K,nazwisko,0.08%,,,
Stec,5251,K,nazwisko,0.08%,,,
Tkaczyk,5237,K,nazwisko,0.08%,,,
Lach,5214,K,nazwisko,0.08%,,,
Borek,5212,K,nazwisko,0.08%,,,
Rybicka,5204,K,nazwisko,0.08%,,,
Kovalchuk,5147,K,nazwisko,0.08%,,,
Mika,5145,K,nazwisko,0.08%,,,
Bogucka,5119,K,nazwisko,0.08%,,,
Frankowska,5111,K,nazwisko,0.08%,,,
Kisiel,5108,K,nazwisko,0.08%,,,
Zaborowska,5069,K,nazwisko,0.08%,,,
Karwowska,5058,K,nazwisko,0.08%,,,
Wąsik,5053,K,nazwisko,0.08%,,,
Gałązka,5049,K,nazwisko,0.08%,,,
Ślusarczyk,5048,K,nazwisko,0.08%,,,
Kmiecik,5024,K,nazwisko,0.08%,,,
Kaczorowska,5022,K,nazwisko,0.08%,,,
Shevchenko,5019,K,nazwisko,0.08%,,,
Grzesiak,5007,K,nazwisko,0.08%,,,
Kwaśniewska,4997,K,nazwisko,0.08%,,,
Lipska,4970,K,nazwisko,0.07%,,,
Więckowska,4952,K,nazwisko,0.07%,,,
Kubacka,4952,K,nazwisko,0.07%,,,
Białas,4928,K,nazwisko,0.07%,,,
Frąckowiak,4927,K,nazwisko,0.07%,,,
Walkowiak,4920,K,nazwisko,0.07%,,,
Bochenek,4914,K,nazwisko,0.07%,,,
Janas,4910,K,nazwisko,0.07%,,,
Juszczak,4888,K,nazwisko,0.07%,,,
Pietras,4882,K,nazwisko,0.07%,,,
Sokół,4876,K,nazwisko,0.07%,,,
Mroczek,4866,K,nazwisko,0.07%,,,
Nawrot,4865,K,nazwisko,0.07%,,,
Wojtczak,4860,K,nazwisko,0.07%,,,
Pawelec,4859,K,nazwisko,0.07%,,,
Dudzińska,4851,K,nazwisko,0.07%,,,
Wnuk,4827,K,nazwisko,0.07%,,,
Pasternak,4826,K,nazwisko,0.07%,,,
Wójcicka,4825,K,nazwisko,0.07%,,,
Rosiak,4823,K,nazwisko,0.07%,,,
Zygmunt,4820,K,nazwisko,0.07%,,,
Lasota,4817,K,nazwisko,0.07%,,,
Jędrzejczyk,4790,K,nazwisko,0.07%,,,
Burzyńska,4779,K,nazwisko,0.07%,,,
Wrońska,4774,K,nazwisko,0.07%,,,
Kołodziejska,4764,K,nazwisko,0.07%,,,
Czyżewska,4756,K,nazwisko,0.07%,,,
Szafrańska,4754,K,nazwisko,0.07%,,,
Piwowarczyk,4749,K,nazwisko,0.07%,,,
Żmuda,4744,K,nazwisko,0.07%,,,
Skrzypek,4741,K,nazwisko,0.07%,,,
Gruszczyńska,4736,K,nazwisko,0.07%,,,
Fijałkowska,4729,K,nazwisko,0.07%,,,
Krysiak,4719,K,nazwisko,0.07%,,,
Jurkiewicz,4703,K,nazwisko,0.07%,,,
Piórkowska,4700,K,nazwisko,0.07%,,,
Łukasiewicz,4697,K,nazwisko,0.07%,,,
Jagiełło,4695,K,nazwisko,0.07%,,,
Łapińska,4686,K,nazwisko,0.07%,,,
Misiak,4686,K,nazwisko,0.07%,,,
Borowiec,4682,K,nazwisko,0.07%,,,
Zajączkowska,4666,K,nazwisko,0.07%,,,
Masłowska,4643,K,nazwisko,0.07%,,,
Dąbek,4642,K,nazwisko,0.07%,,,
Jagodzińska,4638,K,nazwisko,0.07%,,,
Bujak,4632,K,nazwisko,0.07%,,,
Krakowiak,4623,K,nazwisko,0.07%,,,
Lisiecka,4623,K,nazwisko,0.07%,,,
Gaweł,4622,K,nazwisko,0.07%,,,
Jędrzejczak,4621,K,nazwisko,0.07%,,,
Pilarska,4612,K,nazwisko,0.07%,,,
Romaniuk,4597,K,nazwisko,0.07%,,,
Dziuba,4589,K,nazwisko,0.07%,,,
Gutowska,4588,K,nazwisko,0.07%,,,
Wilczek,4556,K,nazwisko,0.07%,,,
Sobieraj,4550,K,nazwisko,0.07%,,,
Karaś,4545,K,nazwisko,0.07%,,,
Twardowska,4537,K,nazwisko,0.07%,,,
Flis,4533,K,nazwisko,0.07%,,,
Stelmach,4533,K,nazwisko,0.07%,,,
Strzelczyk,4525,K,nazwisko,0.07%,,,
Drzewiecka,4512,K,nazwisko,0.07%,,,
Dębowska,4510,K,nazwisko,0.07%,,,
Bielawska,4505,K,nazwisko,0.07%,,,
Łukaszewska,4493,K,nazwisko,0.07%,,,
Skoczylas,4486,K,nazwisko,0.07%,,,
Zielonka,4485,K,nazwisko,0.07%,,,
Skibińska,4479,K,nazwisko,0.07%,,,
Falkowska,4471,K,nazwisko,0.07%,,,
Kubica,4469,K,nazwisko,0.07%,,,
Tarnowska,4468,K,nazwisko,0.07%,,,
Bober,4462,K,nazwisko,0.07%,,,
Szcześniak,4457,K,nazwisko,0.07%,,,
Sołtys,4442,K,nazwisko,0.07%,,,
Kałuża,4436,K,nazwisko,0.07%,,,
Ivanova,4432,K,nazwisko,0.07%,,,
Cygan,4412,K,nazwisko,0.07%,,,
Bilska,4410,K,nazwisko,0.07%,,,
Raczyńska,4410,K,nazwisko,0.07%,,,
Boiko,4407,K,nazwisko,0.07%,,,
Jakubiak,4404,K,nazwisko,0.07%,,,
Pakuła,4396,K,nazwisko,0.07%,,,
Mierzejewska,4391,K,nazwisko,0.07%,,,
Filipek,4391,K,nazwisko,0.07%,,,
Szwed,4387,K,nazwisko,0.07%,,,
Cebula,4368,K,nazwisko,0.07%,,,
Górniak,4346,K,nazwisko,0.07%,,,
Wasiak,4342,K,nazwisko,0.07%,,,
Gąsiorowska,4335,K,nazwisko,0.07%,,,
Stanek,4320,K,nazwisko,0.07%,,,
Majcher,4312,K,nazwisko,0.06%,,,
Więcek,4304,K,nazwisko,0.06%,,,
Guzik,4295,K,nazwisko,0.06%,,,
Kędziora,4286,K,nazwisko,0.06%,,,
Bartosik,4283,K,nazwisko,0.06%,,,
Krupińska,4271,K,nazwisko,0.06%,,,
Nowaczyk,4268,K,nazwisko,0.06%,,,
Matuszak,4268,K,nazwisko,0.06%,,,
Rusin,4265,K,nazwisko,0.06%,,,
Góral,4257,K,nazwisko,0.06%,,,
Stolarczyk,4253,K,nazwisko,0.06%,,,
Ciszewska,4250,K,nazwisko,0.06%,,,
Staszewska,4242,K,nazwisko,0.06%,,,
Urbańczyk,4242,K,nazwisko,0.06%,,,
Wolak,4234,K,nazwisko,0.06%,,,
Kulig,4233,K,nazwisko,0.06%,,,
Czapla,4223,K,nazwisko,0.06%,,,
Jaśkiewicz,4209,K,nazwisko,0.06%,,,
Partyka,4206,K,nazwisko,0.06%,,,
Drozdowska,4205,K,nazwisko,0.06%,,,
Kopczyńska,4205,K,nazwisko,0.06%,,,
Zagórska,4202,K,nazwisko,0.06%,,,
Bondarenko,4193,K,nazwisko,0.06%,,,
Florek,4185,K,nazwisko,0.06%,,,
Rucińska,4172,K,nazwisko,0.06%,,,
Kaszuba,4153,K,nazwisko,0.06%,,,
Sławińska,4149,K,nazwisko,0.06%,,,
Pytel,4149,K,nazwisko,0.06%,,,
Zwolińska,4147,K,nazwisko,0.06%,,,
Cholewa,4143,K,nazwisko,0.06%,,,
Siedlecka,4141,K,nazwisko,0.06%,,,
Kaczmarska,4139,K,nazwisko,0.06%,,,
Grzywacz,4138,K,nazwisko,0.06%,,,
Kovalenko,4136,K,nazwisko,0.06%,,,
Paczkowska,4134,K,nazwisko,0.06%,,,
Słowińska,4131,K,nazwisko,0.06%,,,
Prokop,4126,K,nazwisko,0.06%,,,
Motyka,4125,K,nazwisko,0.06%,,,
Gołąb,4125,K,nazwisko,0.06%,,,
Pawlikowska,4121,K,nazwisko,0.06%,,,
Misztal,4110,K,nazwisko,0.06%,,,
Modzelewska,4109,K,nazwisko,0.06%,,,
Kałużna,4108,K,nazwisko,0.06%,,,
Milczarek,4104,K,nazwisko,0.06%,,,
Michałek,4088,K,nazwisko,0.06%,,,
Andrzejczak,4088,K,nazwisko,0.06%,,,
Wojtas,4086,K,nazwisko,0.06%,,,
Dubiel,4079,K,nazwisko,0.06%,,,
Moroz,4078,K,nazwisko,0.06%,,,
Jezierska,4077,K,nazwisko,0.06%,,,
Jackowska,4062,K,nazwisko,0.06%,,,
Stachura,4061,K,nazwisko,0.06%,,,
Gwóźdź,4044,K,nazwisko,0.06%,,,
Malicka,4043,K,nazwisko,0.06%,,,
Rosa,4025,K,nazwisko,0.06%,,,
Sochacka,4023,K,nazwisko,0.06%,,,
Bieńkowska,4021,K,nazwisko,0.06%,,,
Bielak,4021,K,nazwisko,0.06%,,,
Bożek,4008,K,nazwisko,0.06%,,,
Skalska,4006,K,nazwisko,0.06%,,,
Szyszka,3999,K,nazwisko,0.06%,,,
Jurkowska,3996,K,nazwisko,0.06%,,,
Świerczyńska,3994,K,nazwisko,0.06%,,,
Kępa,3994,K,nazwisko,0.06%,,,
Sieradzka,3982,K,nazwisko,0.06%,,,
Chojnowska,3973,K,nazwisko,0.06%,,,
Broda,3970,K,nazwisko,0.06%,,,
Olczak,3970,K,nazwisko,0.06%,,,
Gałka,3967,K,nazwisko,0.06%,,,
Kuchta,3966,K,nazwisko,0.06%,,,
Płonka,3964,K,nazwisko,0.06%,,,
Janusz,3962,K,nazwisko,0.06%,,,
Jankowiak,3961,K,nazwisko,0.06%,,,
Kuc,3960,K,nazwisko,0.06%,,,
Szczerba,3953,K,nazwisko,0.06%,,,
Kwiecińska,3946,K,nazwisko,0.06%,,,
Iwańska,3924,K,nazwisko,0.06%,,,
Dudzik,3924,K,nazwisko,0.06%,,,
Mroczkowska,3918,K,nazwisko,0.06%,,,
Paszkowska,3917,K,nazwisko,0.06%,,,
Lenart,3914,K,nazwisko,0.06%,,,
Stępniak,3908,K,nazwisko,0.06%,,,
Knapik,3907,K,nazwisko,0.06%,,,
Kolasa,3907,K,nazwisko,0.06%,,,
Kruszewska,3907,K,nazwisko,0.06%,,,
Sitek,3904,K,nazwisko,0.06%,,,
Woś,3895,K,nazwisko,0.06%,,,
Szatkowska,3893,K,nazwisko,0.06%,,,
Suska,3890,K,nazwisko,0.06%,,,
Chmura,3889,K,nazwisko,0.06%,,,
Wyszyńska,3868,K,nazwisko,0.06%,,,
Kapusta,3861,K,nazwisko,0.06%,,,
Kowalczuk,3845,K,nazwisko,0.06%,,,
Majka,3840,K,nazwisko,0.06%,,,
Skóra,3835,K,nazwisko,0.06%,,,
Dec,3834,K,nazwisko,0.06%,,,
Stanisławska,3833,K,nazwisko,0.06%,,,
Salamon,3828,K,nazwisko,0.06%,,,
Florczak,3804,K,nazwisko,0.06%,,,
Puchalska,3798,K,nazwisko,0.06%,,,
Dudziak,3795,K,nazwisko,0.06%,,,
Włodarska,3788,K,nazwisko,0.06%,,,
Dominiak,3788,K,nazwisko,0.06%,,,
Czechowska,3788,K,nazwisko,0.06%,,,
Michalczyk,3779,K,nazwisko,0.06%,,,
Augustyn,3778,K,nazwisko,0.06%,,,
Trzeciak,3777,K,nazwisko,0.06%,,,
Januszewska,3774,K,nazwisko,0.06%,,,
Shevchuk,3774,K,nazwisko,0.06%,,,
Lipka,3767,K,nazwisko,0.06%,,,
Zdunek,3762,K,nazwisko,0.06%,,,
Tokarz,3761,K,nazwisko,0.06%,,,
Adamczak,3751,K,nazwisko,0.06%,,,
Tomala,3750,K,nazwisko,0.06%,,,
Mańkowska,3746,K,nazwisko,0.06%,,,
Kawa,3745,K,nazwisko,0.06%,,,
Kotowska,3744,K,nazwisko,0.06%,,,
Molenda,3741,K,nazwisko,0.06%,,,
Buczyńska,3736,K,nazwisko,0.06%,,,
Adamek,3736,K,nazwisko,0.06%,,,
Filipowicz,3735,K,nazwisko,0.06%,,,
Skowronek,3720,K,nazwisko,0.06%,,,
Kołakowska,3712,K,nazwisko,0.06%,,,
Głogowska,3708,K,nazwisko,0.06%,,,
Kobus,3704,K,nazwisko,0.06%,,,
Kita,3701,K,nazwisko,0.06%,,,
Jagielska,3690,K,nazwisko,0.06%,,,
Mrozek,3687,K,nazwisko,0.06%,,,
Koper,3683,K,nazwisko,0.06%,,,
Pilch,3682,K,nazwisko,0.06%,,,
Kogut,3681,K,nazwisko,0.06%,,,
Adamus,3674,K,nazwisko,0.06%,,,
Maślanka,3674,K,nazwisko,0.06%,,,
Piechota,3669,K,nazwisko,0.06%,,,
Malik,3668,K,nazwisko,0.06%,,,
Stolarska,3659,K,nazwisko,0.06%,,,
Noga,3658,K,nazwisko,0.06%,,,
Dobrzyńska,3651,K,nazwisko,0.05%,,,
Kaniewska,3650,K,nazwisko,0.05%,,,
Ziętek,3642,K,nazwisko,0.05%,,,
Gorczyca,3623,K,nazwisko,0.05%,,,
Koval,3616,K,nazwisko,0.05%,,,
Bąkowska,3610,K,nazwisko,0.05%,,,
Budzyńska,3608,K,nazwisko,0.05%,,,
Żuk,3605,K,nazwisko,0.05%,,,
Grzesik,3605,K,nazwisko,0.05%,,,
Banasik,3603,K,nazwisko,0.05%,,,
Niedźwiecka,3603,K,nazwisko,0.05%,,,
Chudzik,3601,K,nazwisko,0.05%,,,
Robak,3599,K,nazwisko,0.05%,,,
Maciąg,3590,K,nazwisko,0.05%,,,
Jurczak,3589,K,nazwisko,0.05%,,,
Wiącek,3576,K,nazwisko,0.05%,,,
Kos,3573,K,nazwisko,0.05%,,,
Rudnik,3572,K,nazwisko,0.05%,,,
Prus,3571,K,nazwisko,0.05%,,,
Rudzińska,3570,K,nazwisko,0.05%,,,
Herman,3569,K,nazwisko,0.05%,,,
Niemczyk,3566,K,nazwisko,0.05%,,,
Tkachenko,3564,K,nazwisko,0.05%,,,
Jarząbek,3560,K,nazwisko,0.05%,,,
Kłosowska,3559,K,nazwisko,0.05%,,,
Sołtysiak,3551,K,nazwisko,0.05%,,,
Warchoł,3546,K,nazwisko,0.05%,,,
Moskal,3545,K,nazwisko,0.05%,,,
Kalisz,3541,K,nazwisko,0.05%,,,
Przybył,3540,K,nazwisko,0.05%,,,
Koza,3540,K,nazwisko,0.05%,,,
Stańczak,3539,K,nazwisko,0.05%,,,
Buczkowska,3536,K,nazwisko,0.05%,,,
Miśkiewicz,3522,K,nazwisko,0.05%,,,
Kopacz,3521,K,nazwisko,0.05%,,,
Sojka,3517,K,nazwisko,0.05%,,,
Drabik,3517,K,nazwisko,0.05%,,,
Kuźma,3515,K,nazwisko,0.05%,,,
Gadomska,3511,K,nazwisko,0.05%,,,
Porębska,3500,K,nazwisko,0.05%,,,
Kasperek,3498,K,nazwisko,0.05%,,,
Wypych,3497,K,nazwisko,0.05%,,,
Dąbkowska,3494,K,nazwisko,0.05%,,,
Oleksy,3484,K,nazwisko,0.05%,,,
Kucińska,3478,K,nazwisko,0.05%,,,
Adamowicz,3475,K,nazwisko,0.05%,,,
Stachurska,3473,K,nazwisko,0.05%,,,
Białkowska,3472,K,nazwisko,0.05%,,,
Błaszczak,3469,K,nazwisko,0.05%,,,
Olczyk,3468,K,nazwisko,0.05%,,,
Ossowska,3465,K,nazwisko,0.05%,,,
Surma,3465,K,nazwisko,0.05%,,,
Roman,3464,K,nazwisko,0.05%,,,
Marchewka,3454,K,nazwisko,0.05%,,,
Bartnik,3452,K,nazwisko,0.05%,,,
Kravchenko,3446,K,nazwisko,0.05%,,,
Piłat,3443,K,nazwisko,0.05%,,,
Furman,3441,K,nazwisko,0.05%,,,
Golec,3440,K,nazwisko,0.05%,,,
Stachowicz,3438,K,nazwisko,0.05%,,,
Ryś,3424,K,nazwisko,0.05%,,,
Magiera,3424,K,nazwisko,0.05%,,,
Wolińska,3423,K,nazwisko,0.05%,,,
Zabłocka,3419,K,nazwisko,0.05%,,,
Panasiuk,3417,K,nazwisko,0.05%,,,
Korzeniowska,3415,K,nazwisko,0.05%,,,
Niedzielska,3410,K,nazwisko,0.05%,,,
Tracz,3405,K,nazwisko,0.05%,,,
Bielska,3402,K,nazwisko,0.05%,,,
Balcerzak,3402,K,nazwisko,0.05%,,,
Jaros,3397,K,nazwisko,0.05%,,,
Szymkowiak,3397,K,nazwisko,0.05%,,,
Budzińska,3394,K,nazwisko,0.05%,,,
Kiełbasa,3392,K,nazwisko,0.05%,,,
Adamiak,3389,K,nazwisko,0.05%,,,
Żyła,3387,K,nazwisko,0.05%,,,
Miller,3377,K,nazwisko,0.05%,,,
Wojtkowiak,3376,K,nazwisko,0.05%,,,
Szeląg,3375,K,nazwisko,0.05%,,,
Rybarczyk,3374,K,nazwisko,0.05%,,,
Bury,3373,K,nazwisko,0.05%,,,
Radecka,3367,K,nazwisko,0.05%,,,
Dróżdż,3364,K,nazwisko,0.05%,,,
Rudzka,3358,K,nazwisko,0.05%,,,
Ślęzak,3352,K,nazwisko,0.05%,,,
Schmidt,3348,K,nazwisko,0.05%,,,
Pietruszka,3348,K,nazwisko,0.05%,,,
Grudzień,3347,K,nazwisko,0.05%,,,
Kostecka,3344,K,nazwisko,0.05%,,,
Kosowska,3342,K,nazwisko,0.05%,,,
Kozik,3342,K,nazwisko,0.05%,,,
Piotrowicz,3341,K,nazwisko,0.05%,,,
Kujawska,3339,K,nazwisko,0.05%,,,
Lesiak,3334,K,nazwisko,0.05%,,,
Sobańska,3325,K,nazwisko,0.05%,,,
Pelc,3324,K,nazwisko,0.05%,,,
Jurczyk,3323,K,nazwisko,0.05%,,,
Warzecha,3322,K,nazwisko,0.05%,,,
Pełka,3321,K,nazwisko,0.05%,,,
Sęk,3321,K,nazwisko,0.05%,,,
Grześkowiak,3318,K,nazwisko,0.05%,,,
Urbanek,3314,K,nazwisko,0.05%,,,
Krakowska,3310,K,nazwisko,0.05%,,,
Tomasik,3308,K,nazwisko,0.05%,,,
Bielińska,3305,K,nazwisko,0.05%,,,
Pawlicka,3304,K,nazwisko,0.05%,,,
Wołoszyn,3302,K,nazwisko,0.05%,,,
Sekuła,3301,K,nazwisko,0.05%,,,
Kruczek,3301,K,nazwisko,0.05%,,,
Frątczak,3300,K,nazwisko,0.05%,,,
Trela,3296,K,nazwisko,0.05%,,,
Woźnica,3289,K,nazwisko,0.05%,,,
Oliinyk,3288,K,nazwisko,0.05%,,,
Wojtasik,3283,K,nazwisko,0.05%,,,
Polańska,3282,K,nazwisko,0.05%,,,
Biskup,3279,K,nazwisko,0.05%,,,
Hoffmann,3276,K,nazwisko,0.05%,,,
Pogorzelska,3273,K,nazwisko,0.05%,,,
Świątkowska,3263,K,nazwisko,0.05%,,,
Szuba,3262,K,nazwisko,0.05%,,,
Mierzwa,3260,K,nazwisko,0.05%,,,
Urbanowicz,3259,K,nazwisko,0.05%,,,
Stawicka,3255,K,nazwisko,0.05%,,,
Borys,3254,K,nazwisko,0.05%,,,
Piwowarska,3250,K,nazwisko,0.05%,,,
Świder,3244,K,nazwisko,0.05%,,,
Śmigielska,3243,K,nazwisko,0.05%,,,
Czerniak,3243,K,nazwisko,0.05%,,,
Sobota,3242,K,nazwisko,0.05%,,,
Kulińska,3242,K,nazwisko,0.05%,,,
Kawecka,3238,K,nazwisko,0.05%,,,
Banaszek,3236,K,nazwisko,0.05%,,,
Mackiewicz,3234,K,nazwisko,0.05%,,,
Gut,3221,K,nazwisko,0.05%,,,
Kmieć,3217,K,nazwisko,0.05%,,,
Litwin,3215,K,nazwisko,0.05%,,,
Czekaj,3211,K,nazwisko,0.05%,,,
Polishchuk,3210,K,nazwisko,0.05%,,,
Głąb,3208,K,nazwisko,0.05%,,,
Krasowska,3184,K,nazwisko,0.05%,,,
Ratajczyk,3181,K,nazwisko,0.05%,,,
Lorenc,3173,K,nazwisko,0.05%,,,
Semeniuk,3156,K,nazwisko,0.05%,,,
Kwiatek,3155,K,nazwisko,0.05%,,,
Werner,3154,K,nazwisko,0.05%,,,
Roszkowska,3153,K,nazwisko,0.05%,,,
Grudzińska,3152,K,nazwisko,0.05%,,,
Aleksandrowicz,3151,K,nazwisko,0.05%,,,
Tokarczyk,3143,K,nazwisko,0.05%,,,
Izdebska,3143,K,nazwisko,0.05%,,,
Roszak,3138,K,nazwisko,0.05%,,,
Szwarc,3135,K,nazwisko,0.05%,,,
Wiśniowska,3129,K,nazwisko,0.05%,,,
Szarek,3115,K,nazwisko,0.05%,,,
Napierała,3113,K,nazwisko,0.05%,,,
Skorupa,3112,K,nazwisko,0.05%,,,
Makuch,3112,K,nazwisko,0.05%,,,
Siwiec,3107,K,nazwisko,0.05%,,,
Liszka,3099,K,nazwisko,0.05%,,,
Bogacz,3096,K,nazwisko,0.05%,,,
Studzińska,3096,K,nazwisko,0.05%,,,
Łukaszewicz,3095,K,nazwisko,0.05%,,,
Kawka,3091,K,nazwisko,0.05%,,,
Szot,3091,K,nazwisko,0.05%,,,
Juszczyk,3086,K,nazwisko,0.05%,,,
Jóźwik,3080,K,nazwisko,0.05%,,,
Knap,3079,K,nazwisko,0.05%,,,
Turowska,3071,K,nazwisko,0.05%,,,
Jakubczyk,3071,K,nazwisko,0.05%,,,
Martyniuk,3067,K,nazwisko,0.05%,,,
Karcz,3054,K,nazwisko,0.05%,,,
Piętka,3049,K,nazwisko,0.05%,,,
Kusiak,3042,K,nazwisko,0.05%,,,
Wrzesińska,3041,K,nazwisko,0.05%,,,
Kukla,3041,K,nazwisko,0.05%,,,
Tkachuk,3039,K,nazwisko,0.05%,,,
Lange,3035,K,nazwisko,0.05%,,,
Jeziorska,3033,K,nazwisko,0.05%,,,
Gacek,3031,K,nazwisko,0.05%,,,
Wach,3028,K,nazwisko,0.05%,,,
Krukowska,3027,K,nazwisko,0.05%,,,
Kędzior,3027,K,nazwisko,0.05%,,,
Żuchowska,3023,K,nazwisko,0.05%,,,
Rybka,2991,K,nazwisko,0.05%,,,
Paprocka,2990,K,nazwisko,0.05%,,,
Sidor,2985,K,nazwisko,0.04%,,,
Rożek,2980,K,nazwisko,0.04%,,,
Mańka,2974,K,nazwisko,0.04%,,,
Kruszyńska,2971,K,nazwisko,0.04%,,,
Szeliga,2967,K,nazwisko,0.04%,,,
Tkacz,2965,K,nazwisko,0.04%,,,
Grodzka,2962,K,nazwisko,0.04%,,,
Bobrowska,2961,K,nazwisko,0.04%,,,
Wojda,2958,K,nazwisko,0.04%,,,
Królak,2957,K,nazwisko,0.04%,,,
Kraszewska,2954,K,nazwisko,0.04%,,,
Mielcarek,2949,K,nazwisko,0.04%,,,
Cicha,2935,K,nazwisko,0.04%,,,
Korczak,2933,K,nazwisko,0.04%,,,
Radziszewska,2931,K,nazwisko,0.04%,,,
Bogdańska,2929,K,nazwisko,0.04%,,,
Wagner,2927,K,nazwisko,0.04%,,,
Smoleń,2925,K,nazwisko,0.04%,,,
Śpiewak,2924,K,nazwisko,0.04%,,,
Maziarz,2924,K,nazwisko,0.04%,,,
Kosmala,2922,K,nazwisko,0.04%,,,
Szymanek,2918,K,nazwisko,0.04%,,,
Gąsiorek,2915,K,nazwisko,0.04%,,,
Korzeniewska,2913,K,nazwisko,0.04%,,,
Majkowska,2910,K,nazwisko,0.04%,,,
Niedziela,2910,K,nazwisko,0.04%,,,
Perkowska,2906,K,nazwisko,0.04%,,,
Grzybek,2906,K,nazwisko,0.04%,,,
Filip,2905,K,nazwisko,0.04%,,,
Małkowska,2901,K,nazwisko,0.04%,,,
Romańska,2900,K,nazwisko,0.04%,,,
Olech,2899,K,nazwisko,0.04%,,,
Jakubiec,2899,K,nazwisko,0.04%,,,
Grabarczyk,2886,K,nazwisko,0.04%,,,
Szkudlarek,2884,K,nazwisko,0.04%,,,
Wajda,2880,K,nazwisko,0.04%,,,
Staszak,2880,K,nazwisko,0.04%,,,
Rodak,2879,K,nazwisko,0.04%,,,
Potocka,2876,K,nazwisko,0.04%,,,
Lewińska,2875,K,nazwisko,0.04%,,,
Rusek,2874,K,nazwisko,0.04%,,,
Rzepecka,2872,K,nazwisko,0.04%,,,
Reszka,2868,K,nazwisko,0.04%,,,
Wolna,2865,K,nazwisko,0.04%,,,
Lipiec,2863,K,nazwisko,0.04%,,,
Śledź,2862,K,nazwisko,0.04%,,,
Nowińska,2860,K,nazwisko,0.04%,,,
Kulpa,2854,K,nazwisko,0.04%,,,
Wasielewska,2842,K,nazwisko,0.04%,,,
Kozakiewicz,2841,K,nazwisko,0.04%,,,
Raczkowska,2841,K,nazwisko,0.04%,,,
Wojtowicz,2840,K,nazwisko,0.04%,,,
Pisarek,2839,K,nazwisko,0.04%,,,
Szopa,2836,K,nazwisko,0.04%,,,
Bondar,2834,K,nazwisko,0.04%,,,
Adamiec,2833,K,nazwisko,0.04%,,,
Kapuścińska,2830,K,nazwisko,0.04%,,,
Drożdż,2828,K,nazwisko,0.04%,,,
Kawalec,2828,K,nazwisko,0.04%,,,
Pękala,2828,K,nazwisko,0.04%,,,
Bartoszek,2828,K,nazwisko,0.04%,,,
Plichta,2827,K,nazwisko,0.04%,,,
Banaszak,2825,K,nazwisko,0.04%,,,
Kupiec,2823,K,nazwisko,0.04%,,,
Konarska,2821,K,nazwisko,0.04%,,,
Piech,2817,K,nazwisko,0.04%,,,
Bugajska,2815,K,nazwisko,0.04%,,,
Szymanowska,2811,K,nazwisko,0.04%,,,
Gola,2811,K,nazwisko,0.04%,,,
Gładysz,2811,K,nazwisko,0.04%,,,
Duszyńska,2810,K,nazwisko,0.04%,,,
Rokicka,2808,K,nazwisko,0.04%,,,
Kaźmierska,2803,K,nazwisko,0.04%,,,
Olszak,2801,K,nazwisko,0.04%,,,
Rogozińska,2789,K,nazwisko,0.04%,,,
Skonieczna,2788,K,nazwisko,0.04%,,,
Wyrzykowska,2787,K,nazwisko,0.04%,,,
Osowska,2786,K,nazwisko,0.04%,,,
Paszkiewicz,2786,K,nazwisko,0.04%,,,
Kochańska,2783,K,nazwisko,0.04%,,,
Janczak,2780,K,nazwisko,0.04%,,,
Brzeska,2775,K,nazwisko,0.04%,,,
Stokłosa,2773,K,nazwisko,0.04%,,,
Bilińska,2773,K,nazwisko,0.04%,,,
Suchecka,2772,K,nazwisko,0.04%,,,
Kurzawa,2767,K,nazwisko,0.04%,,,
Solecka,2765,K,nazwisko,0.04%,,,
Wrzosek,2763,K,nazwisko,0.04%,,,
Szczygielska,2757,K,nazwisko,0.04%,,,
Kępka,2754,K,nazwisko,0.04%,,,
Bugaj,2753,K,nazwisko,0.04%,,,
Puchała,2752,K,nazwisko,0.04%,,,
Balicka,2749,K,nazwisko,0.04%,,,
Kalińska,2748,K,nazwisko,0.04%,,,
Sułkowska,2747,K,nazwisko,0.04%,,,
Pierzchała,2746,K,nazwisko,0.04%,,,
Kokot,2745,K,nazwisko,0.04%,,,
Gruca,2743,K,nazwisko,0.04%,,,
Sudoł,2741,K,nazwisko,0.04%,,,
Golińska,2741,K,nazwisko,0.04%,,,
Biela,2741,K,nazwisko,0.04%,,,
Karolak,2740,K,nazwisko,0.04%,,,
Ambroziak,2739,K,nazwisko,0.04%,,,
Weber,2735,K,nazwisko,0.04%,,,
Waszkiewicz,2729,K,nazwisko,0.04%,,,
Brodowska,2727,K,nazwisko,0.04%,,,
Orzeł,2725,K,nazwisko,0.04%,,,
Lasek,2724,K,nazwisko,0.04%,,,
Kokoszka,2723,K,nazwisko,0.04%,,,
Burda,2721,K,nazwisko,0.04%,,,
Wójciak,2718,K,nazwisko,0.04%,,,
Świerczek,2716,K,nazwisko,0.04%,,,
Jaskulska,2711,K,nazwisko,0.04%,,,
Wojtaszek,2709,K,nazwisko,0.04%,,,
Mach,2703,K,nazwisko,0.04%,,,
Wielgus,2699,K,nazwisko,0.04%,,,
Pasek,2698,K,nazwisko,0.04%,,,
Zapała,2692,K,nazwisko,0.04%,,,
Chrobak,2692,K,nazwisko,0.04%,,,
Krauze,2689,K,nazwisko,0.04%,,,
Piechocka,2689,K,nazwisko,0.04%,,,
Góralczyk,2686,K,nazwisko,0.04%,,,
Płatek,2685,K,nazwisko,0.04%,,,
Szczurek,2677,K,nazwisko,0.04%,,,
Jamróz,2674,K,nazwisko,0.04%,,,
Barszcz,2673,K,nazwisko,0.04%,,,
Garbacz,2673,K,nazwisko,0.04%,,,
Bojarska,2672,K,nazwisko,0.04%,,,
Białecka,2670,K,nazwisko,0.04%,,,
Jaroszewska,2664,K,nazwisko,0.04%,,,
Mączka,2660,K,nazwisko,0.04%,,,
Figura,2660,K,nazwisko,0.04%,,,
Zborowska,2658,K,nazwisko,0.04%,,,
Lorek,2656,K,nazwisko,0.04%,,,
Dymek,2654,K,nazwisko,0.04%,,,
Bator,2652,K,nazwisko,0.04%,,,
Piszczek,2649,K,nazwisko,0.04%,,,
Woźna,2649,K,nazwisko,0.04%,,,
Koprowska,2646,K,nazwisko,0.04%,,,
Czarnota,2645,K,nazwisko,0.04%,,,
Ożóg,2639,K,nazwisko,0.04%,,,
Kostka,2625,K,nazwisko,0.04%,,,
Matusik,2624,K,nazwisko,0.04%,,,
Ferenc,2622,K,nazwisko,0.04%,,,
Dzikowska,2618,K,nazwisko,0.04%,,,
Kravchuk,2612,K,nazwisko,0.04%,,,
Sala,2612,K,nazwisko,0.04%,,,
Kochanowska,2610,K,nazwisko,0.04%,,,
Oleś,2607,K,nazwisko,0.04%,,,
Szpak,2605,K,nazwisko,0.04%,,,
Osuch,2605,K,nazwisko,0.04%,,,
Paszek,2604,K,nazwisko,0.04%,,,
Dutkiewicz,2600,K,nazwisko,0.04%,,,
Traczyk,2600,K,nazwisko,0.04%,,,
Walczyk,2600,K,nazwisko,0.04%,,,
Dolata,2595,K,nazwisko,0.04%,,,
Stencel,2594,K,nazwisko,0.04%,,,
Baron,2593,K,nazwisko,0.04%,,,
Grygiel,2590,K,nazwisko,0.04%,,,
Gołąbek,2590,K,nazwisko,0.04%,,,
Bernat,2590,K,nazwisko,0.04%,,,
Gabryś,2588,K,nazwisko,0.04%,,,
Cichosz,2586,K,nazwisko,0.04%,,,
Kozyra,2585,K,nazwisko,0.04%,,,
Grela,2584,K,nazwisko,0.04%,,,
Stępniewska,2582,K,nazwisko,0.04%,,,
Surowiec,2578,K,nazwisko,0.04%,,,
Mieczkowska,2576,K,nazwisko,0.04%,,,
Kołodziejczak,2573,K,nazwisko,0.04%,,,
Dolińska,2572,K,nazwisko,0.04%,,,
Zawisza,2572,K,nazwisko,0.04%,,,
Modrzejewska,2571,K,nazwisko,0.04%,,,
Bartosiewicz,2571,K,nazwisko,0.04%,,,
Paradowska,2570,K,nazwisko,0.04%,,,
Wdowiak,2569,K,nazwisko,0.04%,,,
Szymaniak,2568,K,nazwisko,0.04%,,,
Kempa,2568,K,nazwisko,0.04%,,,
Mularczyk,2567,K,nazwisko,0.04%,,,
Ławniczak,2566,K,nazwisko,0.04%,,,
Bartnicka,2566,K,nazwisko,0.04%,,,
Kolasińska,2564,K,nazwisko,0.04%,,,
Grabska,2564,K,nazwisko,0.04%,,,
Piskorz,2563,K,nazwisko,0.04%,,,
Błażejewska,2562,K,nazwisko,0.04%,,,
Adamczewska,2559,K,nazwisko,0.04%,,,
Wachowiak,2556,K,nazwisko,0.04%,,,
Wielgosz,2552,K,nazwisko,0.04%,,,
Zasada,2551,K,nazwisko,0.04%,,,
Zarębska,2551,K,nazwisko,0.04%,,,
Zawistowska,2550,K,nazwisko,0.04%,,,
Smolarek,2549,K,nazwisko,0.04%,,,
Komar,2545,K,nazwisko,0.04%,,,
Biel,2545,K,nazwisko,0.04%,,,
Brożek,2544,K,nazwisko,0.04%,,,
Błońska,2540,K,nazwisko,0.04%,,,
Plewa,2539,K,nazwisko,0.04%,,,
Kulikowska,2537,K,nazwisko,0.04%,,,
